stem,item_id,rec,frame,tid,canonical_tid,full_path,crop_path,student_p,teacher_p,candidate_views
1069e173ba577456efade574,1069e173ba577456efade574,R0824_120917,700,8,8,/workspace/crowd10_v2_hand_views/R0824_120917_f000700_b0_full.jpg,/workspace/crowd10_v2_hand_views/R0824_120917_f000700_b0_crop.jpg,0.637336910,0.033085980,1
a9dc543a59fb2330865caa07,a9dc543a59fb2330865caa07,R0824_120917,706,9,9,/workspace/crowd10_v2_hand_views/R0824_120917_f000706_b0_full.jpg,/workspace/crowd10_v2_hand_views/R0824_120917_f000706_b0_crop.jpg,0.614296138,0.000006962,1
ee1f4cbfb66b273331166b57,ee1f4cbfb66b273331166b57,R0826_105135,1516,0,0,/workspace/crowd10_v2_hand_views/R0826_105135_f001516_b0_full.jpg,/workspace/crowd10_v2_hand_views/R0826_105135_f001516_b0_crop.jpg,0.819229186,0.119202919,17
c6e0e3098de04bfbf8e9dc1c,c6e0e3098de04bfbf8e9dc1c,R0826_105135,1521,0,0,/workspace/crowd10_v2_hand_views/R0826_105135_f001521_b0_full.jpg,/workspace/crowd10_v2_hand_views/R0826_105135_f001521_b0_crop.jpg,0.985749066,0.033085980,17
168e9609470680c33d957ad5,168e9609470680c33d957ad5,R0826_105135,1647,0,0,/workspace/crowd10_v2_hand_views/R0826_105135_f001647_b0_full.jpg,/workspace/crowd10_v2_hand_views/R0826_105135_f001647_b0_crop.jpg,0.965240180,0.033085980,17
51cddeab44d8da3ccd0300fd,51cddeab44d8da3ccd0300fd,R0826_105135,1660,0,0,/workspace/crowd10_v2_hand_views/R0826_105135_f001660_b0_full.jpg,/workspace/crowd10_v2_hand_views/R0826_105135_f001660_b0_crop.jpg,0.949895203,0.015906392,17
ca7ae0cd7ae8cd84f1c6020d,ca7ae0cd7ae8cd84f1c6020d,R0826_105135,1748,0,0,/workspace/crowd10_v2_hand_views/R0826_105135_f001748_b0_full.jpg,/workspace/crowd10_v2_hand_views/R0826_105135_f001748_b0_crop.jpg,0.933316469,0.053403333,17
e00c05ccc118e6a3b7e088f2,e00c05ccc118e6a3b7e088f2,R0828_105127,366,14,14,/workspace/crowd10_v2_hand_views/R0828_105127_f000366_b0_full.jpg,/workspace/crowd10_v2_hand_views/R0828_105127_f000366_b0_crop.jpg,0.898944378,0.075858176,4
3bc349b8a6bebfb3efa9a6dd,3bc349b8a6bebfb3efa9a6dd,R0828_105127,368,14,14,/workspace/crowd10_v2_hand_views/R0828_105127_f000368_b0_full.jpg,/workspace/crowd10_v2_hand_views/R0828_105127_f000368_b0_crop.jpg,0.848521471,0.033085980,4
6714e14c32b9217bd7314d68,6714e14c32b9217bd7314d68,R0828_105127,369,14,14,/workspace/crowd10_v2_hand_views/R0828_105127_f000369_b0_full.jpg,/workspace/crowd10_v2_hand_views/R0828_105127_f000369_b0_crop.jpg,0.873584270,0.085099041,4
40330846a5a9e63c4d5fa5a8,40330846a5a9e63c4d5fa5a8,R0828_105127,370,14,14,/workspace/crowd10_v2_hand_views/R0828_105127_f000370_b0_full.jpg,/workspace/crowd10_v2_hand_views/R0828_105127_f000370_b0_crop.jpg,0.917102873,0.106690601,4
a5492292dfa6499e91b6f43b,a5492292dfa6499e91b6f43b,R0828_105127,418,16,16,/workspace/crowd10_v2_hand_views/R0828_105127_f000418_b0_full.jpg,/workspace/crowd10_v2_hand_views/R0828_105127_f000418_b0_crop.jpg,0.852730095,0.029312231,39
fcb33c62d2c67440059c4e95,fcb33c62d2c67440059c4e95,R0828_105127,452,16,16,/workspace/crowd10_v2_hand_views/R0828_105127_f000452_b0_full.jpg,/workspace/crowd10_v2_hand_views/R0828_105127_f000452_b0_crop.jpg,0.748483479,0.033085980,39
8da4cea45a40f5df9f0b85f2,8da4cea45a40f5df9f0b85f2,R0828_105127,469,16,16,/workspace/crowd10_v2_hand_views/R0828_105127_f000469_b0_full.jpg,/workspace/crowd10_v2_hand_views/R0828_105127_f000469_b0_crop.jpg,0.782420397,0.020332353,39
4ce48beb9d494ab03feb9ae6,4ce48beb9d494ab03feb9ae6,R0828_105127,480,16,16,/workspace/crowd10_v2_hand_views/R0828_105127_f000480_b0_full.jpg,/workspace/crowd10_v2_hand_views/R0828_105127_f000480_b0_crop.jpg,0.677696049,0.047425874,39
7a1c8df8d2c3b061c316e307,7a1c8df8d2c3b061c316e307,R0828_105127,490,16,16,/workspace/crowd10_v2_hand_views/R0828_105127_f000490_b0_full.jpg,/workspace/crowd10_v2_hand_views/R0828_105127_f000490_b0_crop.jpg,0.711127579,0.075858176,39
b714dda81f686b056e600929,b714dda81f686b056e600929,R26_0824_113206,7391,10,10,/workspace/crowd10_v2_hand_views/R26_0824_113206_f007391_b1_full.jpg,/workspace/crowd10_v2_hand_views/R26_0824_113206_f007391_b1_crop.jpg,0.920457304,0.132964239,2
02ff2737e7cf56dfaf3161b9,02ff2737e7cf56dfaf3161b9,R26_0824_113206,7392,10,10,/workspace/crowd10_v2_hand_views/R26_0824_113206_f007392_b1_full.jpg,/workspace/crowd10_v2_hand_views/R26_0824_113206_f007392_b1_crop.jpg,0.819387734,0.067546695,2
ad221f53a4fede16c5aea1aa,ad221f53a4fede16c5aea1aa,R26_0827_131646,1889,11,11,/workspace/crowd10_v2_hand_views/R26_0827_131646_f001889_b1_full.jpg,/workspace/crowd10_v2_hand_views/R26_0827_131646_f001889_b1_crop.jpg,0.886059999,0.001926735,2
cb6dfed1d76d74185c616523,cb6dfed1d76d74185c616523,R26_0827_131646,1891,11,11,/workspace/crowd10_v2_hand_views/R26_0827_131646_f001891_b0_full.jpg,/workspace/crowd10_v2_hand_views/R26_0827_131646_f001891_b0_crop.jpg,0.898382843,0.106690601,2
6504466eb01d245069a3938a,6504466eb01d245069a3938a,R26_0827_143242,9024,2,2,/workspace/crowd10_v2_hand_views/R26_0827_143242_f009024_b0_full.jpg,/workspace/crowd10_v2_hand_views/R26_0827_143242_f009024_b0_crop.jpg,0.948260963,0.067546695,23
07adc497ffd3ce2c023dbf4f,07adc497ffd3ce2c023dbf4f,R26_0827_143242,9036,2,2,/workspace/crowd10_v2_hand_views/R26_0827_143242_f009036_b0_full.jpg,/workspace/crowd10_v2_hand_views/R26_0827_143242_f009036_b0_crop.jpg,0.975601494,0.033085980,23
634f9b4444a2ae63e2dcc636,634f9b4444a2ae63e2dcc636,R26_0827_143242,9041,2,2,/workspace/crowd10_v2_hand_views/R26_0827_143242_f009041_b0_full.jpg,/workspace/crowd10_v2_hand_views/R26_0827_143242_f009041_b0_crop.jpg,0.940913856,0.010986944,23
dd696de99ab315a0f3471dee,dd696de99ab315a0f3471dee,R26_0827_143242,9078,4,2,/workspace/crowd10_v2_hand_views/R26_0827_143242_f009078_b0_full.jpg,/workspace/crowd10_v2_hand_views/R26_0827_143242_f009078_b0_crop.jpg,0.934001625,0.075858176,23
a249dbdfab8dac7d50df9807,a249dbdfab8dac7d50df9807,R26_0827_143242,9114,4,2,/workspace/crowd10_v2_hand_views/R26_0827_143242_f009114_b1_full.jpg,/workspace/crowd10_v2_hand_views/R26_0827_143242_f009114_b1_crop.jpg,0.953795016,0.164516449,23
85a3fb02f611d6906d5e917b,85a3fb02f611d6906d5e917b,R26_0827_143242,9126,6,6,/workspace/crowd10_v2_hand_views/R26_0827_143242_f009126_b0_full.jpg,/workspace/crowd10_v2_hand_views/R26_0827_143242_f009126_b0_crop.jpg,0.968160331,0.182425514,14
0f296afa2041e5b842d6498b,0f296afa2041e5b842d6498b,R26_0827_143242,9130,6,6,/workspace/crowd10_v2_hand_views/R26_0827_143242_f009130_b1_full.jpg,/workspace/crowd10_v2_hand_views/R26_0827_143242_f009130_b1_crop.jpg,0.970334768,0.095349461,14
5f9b4fae4291bf4cc9c8482b,5f9b4fae4291bf4cc9c8482b,R26_0827_143242,9145,6,6,/workspace/crowd10_v2_hand_views/R26_0827_143242_f009145_b1_full.jpg,/workspace/crowd10_v2_hand_views/R26_0827_143242_f009145_b1_crop.jpg,0.964824855,0.085099041,14
f1bc92e97f698c8c3ae85265,f1bc92e97f698c8c3ae85265,R26_0827_143242,9149,6,6,/workspace/crowd10_v2_hand_views/R26_0827_143242_f009149_b1_full.jpg,/workspace/crowd10_v2_hand_views/R26_0827_143242_f009149_b1_crop.jpg,0.957056820,0.164516449,14
1ad15af8fa103f12374d5f12,1ad15af8fa103f12374d5f12,R26_0827_143242,9160,6,6,/workspace/crowd10_v2_hand_views/R26_0827_143242_f009160_b1_full.jpg,/workspace/crowd10_v2_hand_views/R26_0827_143242_f009160_b1_crop.jpg,0.964460790,0.182425514,14
