item_id,rec,frame,raw_tid,canonical_tid,full_path,crop_path,split,human_label,teacher_p
R26_0910_132912_f000900_b0,R26_0910_132912,900,0,0,/workspace/handness_v2/v2_reviewed/final_confirm/views/R26_0910_132912_f000900_b0_full.jpg,/workspace/handness_v2/v2_reviewed/final_confirm/views/R26_0910_132912_f000900_b0_crop.jpg,test,,
R26_0910_132912_f001000_b0,R26_0910_132912,1000,0,0,/workspace/handness_v2/v2_reviewed/final_confirm/views/R26_0910_132912_f001000_b0_full.jpg,/workspace/handness_v2/v2_reviewed/final_confirm/views/R26_0910_132912_f001000_b0_crop.jpg,test,,
R26_0910_132912_f001100_b0,R26_0910_132912,1100,0,0,/workspace/handness_v2/v2_reviewed/final_confirm/views/R26_0910_132912_f001100_b0_full.jpg,/workspace/handness_v2/v2_reviewed/final_confirm/views/R26_0910_132912_f001100_b0_crop.jpg,test,,
R26_0910_132912_f001199_b0,R26_0910_132912,1199,0,0,/workspace/handness_v2/v2_reviewed/final_confirm/views/R26_0910_132912_f001199_b0_full.jpg,/workspace/handness_v2/v2_reviewed/final_confirm/views/R26_0910_132912_f001199_b0_crop.jpg,test,,
R26_0910_132912_f001299_b0,R26_0910_132912,1299,0,0,/workspace/handness_v2/v2_reviewed/final_confirm/views/R26_0910_132912_f001299_b0_full.jpg,/workspace/handness_v2/v2_reviewed/final_confirm/views/R26_0910_132912_f001299_b0_crop.jpg,test,,
R26_0910_132912_f000900_b1,R26_0910_132912,900,1,1,/workspace/handness_v2/v2_reviewed/final_confirm/views/R26_0910_132912_f000900_b1_full.jpg,/workspace/handness_v2/v2_reviewed/final_confirm/views/R26_0910_132912_f000900_b1_crop.jpg,test,,
R26_0910_132912_f001014_b1,R26_0910_132912,1014,1,1,/workspace/handness_v2/v2_reviewed/final_confirm/views/R26_0910_132912_f001014_b1_full.jpg,/workspace/handness_v2/v2_reviewed/final_confirm/views/R26_0910_132912_f001014_b1_crop.jpg,test,,
R26_0910_132912_f001096_b1,R26_0910_132912,1096,1,1,/workspace/handness_v2/v2_reviewed/final_confirm/views/R26_0910_132912_f001096_b1_full.jpg,/workspace/handness_v2/v2_reviewed/final_confirm/views/R26_0910_132912_f001096_b1_crop.jpg,test,,
R26_0910_132912_f001178_b1,R26_0910_132912,1178,1,1,/workspace/handness_v2/v2_reviewed/final_confirm/views/R26_0910_132912_f001178_b1_full.jpg,/workspace/handness_v2/v2_reviewed/final_confirm/views/R26_0910_132912_f001178_b1_crop.jpg,test,,
R26_0910_132912_f001260_b1,R26_0910_132912,1260,1,1,/workspace/handness_v2/v2_reviewed/final_confirm/views/R26_0910_132912_f001260_b1_full.jpg,/workspace/handness_v2/v2_reviewed/final_confirm/views/R26_0910_132912_f001260_b1_crop.jpg,test,,
R26_0910_132912_f001283_b1,R26_0910_132912,1283,2,2,/workspace/handness_v2/v2_reviewed/final_confirm/views/R26_0910_132912_f001283_b1_full.jpg,/workspace/handness_v2/v2_reviewed/final_confirm/views/R26_0910_132912_f001283_b1_crop.jpg,test,,
R26_0910_132912_f001287_b1,R26_0910_132912,1287,2,2,/workspace/handness_v2/v2_reviewed/final_confirm/views/R26_0910_132912_f001287_b1_full.jpg,/workspace/handness_v2/v2_reviewed/final_confirm/views/R26_0910_132912_f001287_b1_crop.jpg,test,,
R26_0910_132912_f001293_b1,R26_0910_132912,1293,2,2,/workspace/handness_v2/v2_reviewed/final_confirm/views/R26_0910_132912_f001293_b1_full.jpg,/workspace/handness_v2/v2_reviewed/final_confirm/views/R26_0910_132912_f001293_b1_crop.jpg,test,,
R26_0910_132912_f001296_b1,R26_0910_132912,1296,2,2,/workspace/handness_v2/v2_reviewed/final_confirm/views/R26_0910_132912_f001296_b1_full.jpg,/workspace/handness_v2/v2_reviewed/final_confirm/views/R26_0910_132912_f001296_b1_crop.jpg,test,,
R26_0910_132912_f001299_b1,R26_0910_132912,1299,2,2,/workspace/handness_v2/v2_reviewed/final_confirm/views/R26_0910_132912_f001299_b1_full.jpg,/workspace/handness_v2/v2_reviewed/final_confirm/views/R26_0910_132912_f001299_b1_crop.jpg,test,,
R26_0910_141250_f000900_b0,R26_0910_141250,900,0,0,/workspace/handness_v2/v2_reviewed/final_confirm/views/R26_0910_141250_f000900_b0_full.jpg,/workspace/handness_v2/v2_reviewed/final_confirm/views/R26_0910_141250_f000900_b0_crop.jpg,test,,
R26_0910_141250_f001000_b1,R26_0910_141250,1000,0,0,/workspace/handness_v2/v2_reviewed/final_confirm/views/R26_0910_141250_f001000_b1_full.jpg,/workspace/handness_v2/v2_reviewed/final_confirm/views/R26_0910_141250_f001000_b1_crop.jpg,test,,
R26_0910_141250_f001100_b1,R26_0910_141250,1100,0,0,/workspace/handness_v2/v2_reviewed/final_confirm/views/R26_0910_141250_f001100_b1_full.jpg,/workspace/handness_v2/v2_reviewed/final_confirm/views/R26_0910_141250_f001100_b1_crop.jpg,test,,
R26_0910_141250_f001199_b0,R26_0910_141250,1199,0,0,/workspace/handness_v2/v2_reviewed/final_confirm/views/R26_0910_141250_f001199_b0_full.jpg,/workspace/handness_v2/v2_reviewed/final_confirm/views/R26_0910_141250_f001199_b0_crop.jpg,test,,
R26_0910_141250_f001299_b0,R26_0910_141250,1299,0,0,/workspace/handness_v2/v2_reviewed/final_confirm/views/R26_0910_141250_f001299_b0_full.jpg,/workspace/handness_v2/v2_reviewed/final_confirm/views/R26_0910_141250_f001299_b0_crop.jpg,test,,
R26_0910_141250_f000900_b1,R26_0910_141250,900,1,1,/workspace/handness_v2/v2_reviewed/final_confirm/views/R26_0910_141250_f000900_b1_full.jpg,/workspace/handness_v2/v2_reviewed/final_confirm/views/R26_0910_141250_f000900_b1_crop.jpg,test,,
R26_0910_141250_f000999_b0,R26_0910_141250,999,1,1,/workspace/handness_v2/v2_reviewed/final_confirm/views/R26_0910_141250_f000999_b0_full.jpg,/workspace/handness_v2/v2_reviewed/final_confirm/views/R26_0910_141250_f000999_b0_crop.jpg,test,,
R26_0910_141250_f001098_b0,R26_0910_141250,1098,1,1,/workspace/handness_v2/v2_reviewed/final_confirm/views/R26_0910_141250_f001098_b0_full.jpg,/workspace/handness_v2/v2_reviewed/final_confirm/views/R26_0910_141250_f001098_b0_crop.jpg,test,,
R26_0910_141250_f001200_b1,R26_0910_141250,1200,1,1,/workspace/handness_v2/v2_reviewed/final_confirm/views/R26_0910_141250_f001200_b1_full.jpg,/workspace/handness_v2/v2_reviewed/final_confirm/views/R26_0910_141250_f001200_b1_crop.jpg,test,,
R26_0910_141250_f001299_b1,R26_0910_141250,1299,1,1,/workspace/handness_v2/v2_reviewed/final_confirm/views/R26_0910_141250_f001299_b1_full.jpg,/workspace/handness_v2/v2_reviewed/final_confirm/views/R26_0910_141250_f001299_b1_crop.jpg,test,,
R26_0912_102004_f000900_b0,R26_0912_102004,900,0,0,/workspace/handness_v2/v2_reviewed/final_confirm/views/R26_0912_102004_f000900_b0_full.jpg,/workspace/handness_v2/v2_reviewed/final_confirm/views/R26_0912_102004_f000900_b0_crop.jpg,test,,
R26_0912_102004_f000998_b0,R26_0912_102004,998,0,0,/workspace/handness_v2/v2_reviewed/final_confirm/views/R26_0912_102004_f000998_b0_full.jpg,/workspace/handness_v2/v2_reviewed/final_confirm/views/R26_0912_102004_f000998_b0_crop.jpg,test,,
R26_0912_102004_f001095_b0,R26_0912_102004,1095,0,0,/workspace/handness_v2/v2_reviewed/final_confirm/views/R26_0912_102004_f001095_b0_full.jpg,/workspace/handness_v2/v2_reviewed/final_confirm/views/R26_0912_102004_f001095_b0_crop.jpg,test,,
R26_0912_102004_f001193_b1,R26_0912_102004,1193,0,0,/workspace/handness_v2/v2_reviewed/final_confirm/views/R26_0912_102004_f001193_b1_full.jpg,/workspace/handness_v2/v2_reviewed/final_confirm/views/R26_0912_102004_f001193_b1_crop.jpg,test,,
R26_0912_102004_f001299_b1,R26_0912_102004,1299,0,0,/workspace/handness_v2/v2_reviewed/final_confirm/views/R26_0912_102004_f001299_b1_full.jpg,/workspace/handness_v2/v2_reviewed/final_confirm/views/R26_0912_102004_f001299_b1_crop.jpg,test,,
R26_0912_102004_f000900_b1,R26_0912_102004,900,1,1,/workspace/handness_v2/v2_reviewed/final_confirm/views/R26_0912_102004_f000900_b1_full.jpg,/workspace/handness_v2/v2_reviewed/final_confirm/views/R26_0912_102004_f000900_b1_crop.jpg,test,,
R26_0912_102004_f001011_b1,R26_0912_102004,1011,1,1,/workspace/handness_v2/v2_reviewed/final_confirm/views/R26_0912_102004_f001011_b1_full.jpg,/workspace/handness_v2/v2_reviewed/final_confirm/views/R26_0912_102004_f001011_b1_crop.jpg,test,,
R26_0912_102004_f001093_b1,R26_0912_102004,1093,1,1,/workspace/handness_v2/v2_reviewed/final_confirm/views/R26_0912_102004_f001093_b1_full.jpg,/workspace/handness_v2/v2_reviewed/final_confirm/views/R26_0912_102004_f001093_b1_crop.jpg,test,,
R26_0912_102004_f001193_b0,R26_0912_102004,1193,1,1,/workspace/handness_v2/v2_reviewed/final_confirm/views/R26_0912_102004_f001193_b0_full.jpg,/workspace/handness_v2/v2_reviewed/final_confirm/views/R26_0912_102004_f001193_b0_crop.jpg,test,,
R26_0912_102004_f001299_b0,R26_0912_102004,1299,1,1,/workspace/handness_v2/v2_reviewed/final_confirm/views/R26_0912_102004_f001299_b0_full.jpg,/workspace/handness_v2/v2_reviewed/final_confirm/views/R26_0912_102004_f001299_b0_crop.jpg,test,,
R26_0912_102004_f000964_b1,R26_0912_102004,964,2,2,/workspace/handness_v2/v2_reviewed/final_confirm/views/R26_0912_102004_f000964_b1_full.jpg,/workspace/handness_v2/v2_reviewed/final_confirm/views/R26_0912_102004_f000964_b1_crop.jpg,test,,
R26_0912_102004_f000970_b1,R26_0912_102004,970,2,2,/workspace/handness_v2/v2_reviewed/final_confirm/views/R26_0912_102004_f000970_b1_full.jpg,/workspace/handness_v2/v2_reviewed/final_confirm/views/R26_0912_102004_f000970_b1_crop.jpg,test,,
R26_0912_102004_f000976_b1,R26_0912_102004,976,2,2,/workspace/handness_v2/v2_reviewed/final_confirm/views/R26_0912_102004_f000976_b1_full.jpg,/workspace/handness_v2/v2_reviewed/final_confirm/views/R26_0912_102004_f000976_b1_crop.jpg,test,,
R26_0912_102004_f000983_b1,R26_0912_102004,983,2,2,/workspace/handness_v2/v2_reviewed/final_confirm/views/R26_0912_102004_f000983_b1_full.jpg,/workspace/handness_v2/v2_reviewed/final_confirm/views/R26_0912_102004_f000983_b1_crop.jpg,test,,
R26_0912_102004_f000989_b1,R26_0912_102004,989,2,2,/workspace/handness_v2/v2_reviewed/final_confirm/views/R26_0912_102004_f000989_b1_full.jpg,/workspace/handness_v2/v2_reviewed/final_confirm/views/R26_0912_102004_f000989_b1_crop.jpg,test,,
R26_0912_172543_f000900_b0,R26_0912_172543,900,0,0,/workspace/handness_v2/v2_reviewed/final_confirm/views/R26_0912_172543_f000900_b0_full.jpg,/workspace/handness_v2/v2_reviewed/final_confirm/views/R26_0912_172543_f000900_b0_crop.jpg,test,,
R26_0912_172543_f001000_b0,R26_0912_172543,1000,0,0,/workspace/handness_v2/v2_reviewed/final_confirm/views/R26_0912_172543_f001000_b0_full.jpg,/workspace/handness_v2/v2_reviewed/final_confirm/views/R26_0912_172543_f001000_b0_crop.jpg,test,,
R26_0912_172543_f001100_b0,R26_0912_172543,1100,0,0,/workspace/handness_v2/v2_reviewed/final_confirm/views/R26_0912_172543_f001100_b0_full.jpg,/workspace/handness_v2/v2_reviewed/final_confirm/views/R26_0912_172543_f001100_b0_crop.jpg,test,,
R26_0912_172543_f001199_b1,R26_0912_172543,1199,0,0,/workspace/handness_v2/v2_reviewed/final_confirm/views/R26_0912_172543_f001199_b1_full.jpg,/workspace/handness_v2/v2_reviewed/final_confirm/views/R26_0912_172543_f001199_b1_crop.jpg,test,,
R26_0912_172543_f001299_b0,R26_0912_172543,1299,0,0,/workspace/handness_v2/v2_reviewed/final_confirm/views/R26_0912_172543_f001299_b0_full.jpg,/workspace/handness_v2/v2_reviewed/final_confirm/views/R26_0912_172543_f001299_b0_crop.jpg,test,,
R26_0912_172543_f000900_b1,R26_0912_172543,900,1,1,/workspace/handness_v2/v2_reviewed/final_confirm/views/R26_0912_172543_f000900_b1_full.jpg,/workspace/handness_v2/v2_reviewed/final_confirm/views/R26_0912_172543_f000900_b1_crop.jpg,test,,
R26_0912_172543_f001000_b1,R26_0912_172543,1000,1,1,/workspace/handness_v2/v2_reviewed/final_confirm/views/R26_0912_172543_f001000_b1_full.jpg,/workspace/handness_v2/v2_reviewed/final_confirm/views/R26_0912_172543_f001000_b1_crop.jpg,test,,
R26_0912_172543_f001100_b1,R26_0912_172543,1100,1,1,/workspace/handness_v2/v2_reviewed/final_confirm/views/R26_0912_172543_f001100_b1_full.jpg,/workspace/handness_v2/v2_reviewed/final_confirm/views/R26_0912_172543_f001100_b1_crop.jpg,test,,
R26_0912_172543_f001199_b0,R26_0912_172543,1199,1,1,/workspace/handness_v2/v2_reviewed/final_confirm/views/R26_0912_172543_f001199_b0_full.jpg,/workspace/handness_v2/v2_reviewed/final_confirm/views/R26_0912_172543_f001199_b0_crop.jpg,test,,
R26_0912_172543_f001299_b1,R26_0912_172543,1299,1,1,/workspace/handness_v2/v2_reviewed/final_confirm/views/R26_0912_172543_f001299_b1_full.jpg,/workspace/handness_v2/v2_reviewed/final_confirm/views/R26_0912_172543_f001299_b1_crop.jpg,test,,
R26_0912_172543_f001026_b0,R26_0912_172543,1026,2,2,/workspace/handness_v2/v2_reviewed/final_confirm/views/R26_0912_172543_f001026_b0_full.jpg,/workspace/handness_v2/v2_reviewed/final_confirm/views/R26_0912_172543_f001026_b0_crop.jpg,test,,
R26_0913_112458_f000900_b0,R26_0913_112458,900,0,0,/workspace/handness_v2/v2_reviewed/final_confirm/views/R26_0913_112458_f000900_b0_full.jpg,/workspace/handness_v2/v2_reviewed/final_confirm/views/R26_0913_112458_f000900_b0_crop.jpg,test,,
R26_0913_112458_f000999_b0,R26_0913_112458,999,0,0,/workspace/handness_v2/v2_reviewed/final_confirm/views/R26_0913_112458_f000999_b0_full.jpg,/workspace/handness_v2/v2_reviewed/final_confirm/views/R26_0913_112458_f000999_b0_crop.jpg,test,,
R26_0913_112458_f001098_b0,R26_0913_112458,1098,0,0,/workspace/handness_v2/v2_reviewed/final_confirm/views/R26_0913_112458_f001098_b0_full.jpg,/workspace/handness_v2/v2_reviewed/final_confirm/views/R26_0913_112458_f001098_b0_crop.jpg,test,,
R26_0913_112458_f001200_b0,R26_0913_112458,1200,0,0,/workspace/handness_v2/v2_reviewed/final_confirm/views/R26_0913_112458_f001200_b0_full.jpg,/workspace/handness_v2/v2_reviewed/final_confirm/views/R26_0913_112458_f001200_b0_crop.jpg,test,,
R26_0913_112458_f001299_b0,R26_0913_112458,1299,0,0,/workspace/handness_v2/v2_reviewed/final_confirm/views/R26_0913_112458_f001299_b0_full.jpg,/workspace/handness_v2/v2_reviewed/final_confirm/views/R26_0913_112458_f001299_b0_crop.jpg,test,,
R26_0913_112458_f000900_b1,R26_0913_112458,900,1,1,/workspace/handness_v2/v2_reviewed/final_confirm/views/R26_0913_112458_f000900_b1_full.jpg,/workspace/handness_v2/v2_reviewed/final_confirm/views/R26_0913_112458_f000900_b1_crop.jpg,test,,
R26_0913_112458_f000960_b1,R26_0913_112458,960,1,1,/workspace/handness_v2/v2_reviewed/final_confirm/views/R26_0913_112458_f000960_b1_full.jpg,/workspace/handness_v2/v2_reviewed/final_confirm/views/R26_0913_112458_f000960_b1_crop.jpg,test,,
R26_0913_112458_f001020_b1,R26_0913_112458,1020,1,1,/workspace/handness_v2/v2_reviewed/final_confirm/views/R26_0913_112458_f001020_b1_full.jpg,/workspace/handness_v2/v2_reviewed/final_confirm/views/R26_0913_112458_f001020_b1_crop.jpg,test,,
R26_0913_112458_f001081_b1,R26_0913_112458,1081,1,1,/workspace/handness_v2/v2_reviewed/final_confirm/views/R26_0913_112458_f001081_b1_full.jpg,/workspace/handness_v2/v2_reviewed/final_confirm/views/R26_0913_112458_f001081_b1_crop.jpg,test,,
R26_0913_112458_f001141_b0,R26_0913_112458,1141,1,1,/workspace/handness_v2/v2_reviewed/final_confirm/views/R26_0913_112458_f001141_b0_full.jpg,/workspace/handness_v2/v2_reviewed/final_confirm/views/R26_0913_112458_f001141_b0_crop.jpg,test,,
R26_0913_112458_f001142_b1,R26_0913_112458,1142,2,2,/workspace/handness_v2/v2_reviewed/final_confirm/views/R26_0913_112458_f001142_b1_full.jpg,/workspace/handness_v2/v2_reviewed/final_confirm/views/R26_0913_112458_f001142_b1_crop.jpg,test,,
R26_0913_112458_f001145_b1,R26_0913_112458,1145,2,2,/workspace/handness_v2/v2_reviewed/final_confirm/views/R26_0913_112458_f001145_b1_full.jpg,/workspace/handness_v2/v2_reviewed/final_confirm/views/R26_0913_112458_f001145_b1_crop.jpg,test,,
R26_0913_112458_f001148_b1,R26_0913_112458,1148,2,2,/workspace/handness_v2/v2_reviewed/final_confirm/views/R26_0913_112458_f001148_b1_full.jpg,/workspace/handness_v2/v2_reviewed/final_confirm/views/R26_0913_112458_f001148_b1_crop.jpg,test,,
R26_0913_112458_f001150_b1,R26_0913_112458,1150,2,2,/workspace/handness_v2/v2_reviewed/final_confirm/views/R26_0913_112458_f001150_b1_full.jpg,/workspace/handness_v2/v2_reviewed/final_confirm/views/R26_0913_112458_f001150_b1_crop.jpg,test,,
R26_0913_112458_f001155_b0,R26_0913_112458,1155,2,2,/workspace/handness_v2/v2_reviewed/final_confirm/views/R26_0913_112458_f001155_b0_full.jpg,/workspace/handness_v2/v2_reviewed/final_confirm/views/R26_0913_112458_f001155_b0_crop.jpg,test,,
R26_0913_112458_f001153_b0,R26_0913_112458,1153,3,3,/workspace/handness_v2/v2_reviewed/final_confirm/views/R26_0913_112458_f001153_b0_full.jpg,/workspace/handness_v2/v2_reviewed/final_confirm/views/R26_0913_112458_f001153_b0_crop.jpg,test,,
R26_0913_112458_f001190_b1,R26_0913_112458,1190,3,3,/workspace/handness_v2/v2_reviewed/final_confirm/views/R26_0913_112458_f001190_b1_full.jpg,/workspace/handness_v2/v2_reviewed/final_confirm/views/R26_0913_112458_f001190_b1_crop.jpg,test,,
R26_0913_112458_f001226_b1,R26_0913_112458,1226,3,3,/workspace/handness_v2/v2_reviewed/final_confirm/views/R26_0913_112458_f001226_b1_full.jpg,/workspace/handness_v2/v2_reviewed/final_confirm/views/R26_0913_112458_f001226_b1_crop.jpg,test,,
R26_0913_112458_f001263_b1,R26_0913_112458,1263,3,3,/workspace/handness_v2/v2_reviewed/final_confirm/views/R26_0913_112458_f001263_b1_full.jpg,/workspace/handness_v2/v2_reviewed/final_confirm/views/R26_0913_112458_f001263_b1_crop.jpg,test,,
R26_0913_112458_f001299_b1,R26_0913_112458,1299,3,3,/workspace/handness_v2/v2_reviewed/final_confirm/views/R26_0913_112458_f001299_b1_full.jpg,/workspace/handness_v2/v2_reviewed/final_confirm/views/R26_0913_112458_f001299_b1_crop.jpg,test,,
R26_0914_101959_f000900_b0,R26_0914_101959,900,0,0,/workspace/handness_v2/v2_reviewed/final_confirm/views/R26_0914_101959_f000900_b0_full.jpg,/workspace/handness_v2/v2_reviewed/final_confirm/views/R26_0914_101959_f000900_b0_crop.jpg,test,,
R26_0914_101959_f001000_b0,R26_0914_101959,1000,0,0,/workspace/handness_v2/v2_reviewed/final_confirm/views/R26_0914_101959_f001000_b0_full.jpg,/workspace/handness_v2/v2_reviewed/final_confirm/views/R26_0914_101959_f001000_b0_crop.jpg,test,,
R26_0914_101959_f001100_b1,R26_0914_101959,1100,0,0,/workspace/handness_v2/v2_reviewed/final_confirm/views/R26_0914_101959_f001100_b1_full.jpg,/workspace/handness_v2/v2_reviewed/final_confirm/views/R26_0914_101959_f001100_b1_crop.jpg,test,,
R26_0914_101959_f001199_b0,R26_0914_101959,1199,0,0,/workspace/handness_v2/v2_reviewed/final_confirm/views/R26_0914_101959_f001199_b0_full.jpg,/workspace/handness_v2/v2_reviewed/final_confirm/views/R26_0914_101959_f001199_b0_crop.jpg,test,,
R26_0914_101959_f001299_b0,R26_0914_101959,1299,0,0,/workspace/handness_v2/v2_reviewed/final_confirm/views/R26_0914_101959_f001299_b0_full.jpg,/workspace/handness_v2/v2_reviewed/final_confirm/views/R26_0914_101959_f001299_b0_crop.jpg,test,,
R26_0914_101959_f000948_b1,R26_0914_101959,948,1,1,/workspace/handness_v2/v2_reviewed/final_confirm/views/R26_0914_101959_f000948_b1_full.jpg,/workspace/handness_v2/v2_reviewed/final_confirm/views/R26_0914_101959_f000948_b1_crop.jpg,test,,
R26_0914_101959_f000970_b1,R26_0914_101959,970,1,1,/workspace/handness_v2/v2_reviewed/final_confirm/views/R26_0914_101959_f000970_b1_full.jpg,/workspace/handness_v2/v2_reviewed/final_confirm/views/R26_0914_101959_f000970_b1_crop.jpg,test,,
R26_0914_101959_f000992_b1,R26_0914_101959,992,1,1,/workspace/handness_v2/v2_reviewed/final_confirm/views/R26_0914_101959_f000992_b1_full.jpg,/workspace/handness_v2/v2_reviewed/final_confirm/views/R26_0914_101959_f000992_b1_crop.jpg,test,,
R26_0914_101959_f001015_b1,R26_0914_101959,1015,1,1,/workspace/handness_v2/v2_reviewed/final_confirm/views/R26_0914_101959_f001015_b1_full.jpg,/workspace/handness_v2/v2_reviewed/final_confirm/views/R26_0914_101959_f001015_b1_crop.jpg,test,,
R26_0914_101959_f001038_b1,R26_0914_101959,1038,1,1,/workspace/handness_v2/v2_reviewed/final_confirm/views/R26_0914_101959_f001038_b1_full.jpg,/workspace/handness_v2/v2_reviewed/final_confirm/views/R26_0914_101959_f001038_b1_crop.jpg,test,,
R26_0914_101959_f001062_b0,R26_0914_101959,1062,2,2,/workspace/handness_v2/v2_reviewed/final_confirm/views/R26_0914_101959_f001062_b0_full.jpg,/workspace/handness_v2/v2_reviewed/final_confirm/views/R26_0914_101959_f001062_b0_crop.jpg,test,,
R26_0914_101959_f001082_b0,R26_0914_101959,1082,2,2,/workspace/handness_v2/v2_reviewed/final_confirm/views/R26_0914_101959_f001082_b0_full.jpg,/workspace/handness_v2/v2_reviewed/final_confirm/views/R26_0914_101959_f001082_b0_crop.jpg,test,,
R26_0914_101959_f001102_b0,R26_0914_101959,1102,2,2,/workspace/handness_v2/v2_reviewed/final_confirm/views/R26_0914_101959_f001102_b0_full.jpg,/workspace/handness_v2/v2_reviewed/final_confirm/views/R26_0914_101959_f001102_b0_crop.jpg,test,,
R26_0914_101959_f001123_b0,R26_0914_101959,1123,2,2,/workspace/handness_v2/v2_reviewed/final_confirm/views/R26_0914_101959_f001123_b0_full.jpg,/workspace/handness_v2/v2_reviewed/final_confirm/views/R26_0914_101959_f001123_b0_crop.jpg,test,,
R26_0914_101959_f001144_b1,R26_0914_101959,1144,2,2,/workspace/handness_v2/v2_reviewed/final_confirm/views/R26_0914_101959_f001144_b1_full.jpg,/workspace/handness_v2/v2_reviewed/final_confirm/views/R26_0914_101959_f001144_b1_crop.jpg,test,,
R26_0914_101959_f001142_b1,R26_0914_101959,1142,4,3,/workspace/handness_v2/v2_reviewed/final_confirm/views/R26_0914_101959_f001142_b1_full.jpg,/workspace/handness_v2/v2_reviewed/final_confirm/views/R26_0914_101959_f001142_b1_crop.jpg,test,,
R26_0914_101959_f001183_b1,R26_0914_101959,1183,4,3,/workspace/handness_v2/v2_reviewed/final_confirm/views/R26_0914_101959_f001183_b1_full.jpg,/workspace/handness_v2/v2_reviewed/final_confirm/views/R26_0914_101959_f001183_b1_crop.jpg,test,,
R26_0914_101959_f001222_b1,R26_0914_101959,1222,4,3,/workspace/handness_v2/v2_reviewed/final_confirm/views/R26_0914_101959_f001222_b1_full.jpg,/workspace/handness_v2/v2_reviewed/final_confirm/views/R26_0914_101959_f001222_b1_crop.jpg,test,,
R26_0914_101959_f001260_b1,R26_0914_101959,1260,4,3,/workspace/handness_v2/v2_reviewed/final_confirm/views/R26_0914_101959_f001260_b1_full.jpg,/workspace/handness_v2/v2_reviewed/final_confirm/views/R26_0914_101959_f001260_b1_crop.jpg,test,,
R26_0914_101959_f001299_b1,R26_0914_101959,1299,4,3,/workspace/handness_v2/v2_reviewed/final_confirm/views/R26_0914_101959_f001299_b1_full.jpg,/workspace/handness_v2/v2_reviewed/final_confirm/views/R26_0914_101959_f001299_b1_crop.jpg,test,,
R26_0914_110725_f000900_b0,R26_0914_110725,900,1,1,/workspace/handness_v2/v2_reviewed/final_confirm/views/R26_0914_110725_f000900_b0_full.jpg,/workspace/handness_v2/v2_reviewed/final_confirm/views/R26_0914_110725_f000900_b0_crop.jpg,test,,
R26_0914_110725_f001000_b0,R26_0914_110725,1000,1,1,/workspace/handness_v2/v2_reviewed/final_confirm/views/R26_0914_110725_f001000_b0_full.jpg,/workspace/handness_v2/v2_reviewed/final_confirm/views/R26_0914_110725_f001000_b0_crop.jpg,test,,
R26_0914_110725_f001100_b0,R26_0914_110725,1100,1,1,/workspace/handness_v2/v2_reviewed/final_confirm/views/R26_0914_110725_f001100_b0_full.jpg,/workspace/handness_v2/v2_reviewed/final_confirm/views/R26_0914_110725_f001100_b0_crop.jpg,test,,
R26_0914_110725_f001199_b0,R26_0914_110725,1199,1,1,/workspace/handness_v2/v2_reviewed/final_confirm/views/R26_0914_110725_f001199_b0_full.jpg,/workspace/handness_v2/v2_reviewed/final_confirm/views/R26_0914_110725_f001199_b0_crop.jpg,test,,
R26_0914_110725_f001299_b0,R26_0914_110725,1299,1,1,/workspace/handness_v2/v2_reviewed/final_confirm/views/R26_0914_110725_f001299_b0_full.jpg,/workspace/handness_v2/v2_reviewed/final_confirm/views/R26_0914_110725_f001299_b0_crop.jpg,test,,
R26_0914_110725_f000900_b1,R26_0914_110725,900,0,0,/workspace/handness_v2/v2_reviewed/final_confirm/views/R26_0914_110725_f000900_b1_full.jpg,/workspace/handness_v2/v2_reviewed/final_confirm/views/R26_0914_110725_f000900_b1_crop.jpg,test,,
R26_0914_110725_f001000_b1,R26_0914_110725,1000,0,0,/workspace/handness_v2/v2_reviewed/final_confirm/views/R26_0914_110725_f001000_b1_full.jpg,/workspace/handness_v2/v2_reviewed/final_confirm/views/R26_0914_110725_f001000_b1_crop.jpg,test,,
R26_0914_110725_f001100_b1,R26_0914_110725,1100,0,0,/workspace/handness_v2/v2_reviewed/final_confirm/views/R26_0914_110725_f001100_b1_full.jpg,/workspace/handness_v2/v2_reviewed/final_confirm/views/R26_0914_110725_f001100_b1_crop.jpg,test,,
R26_0914_110725_f001199_b1,R26_0914_110725,1199,0,0,/workspace/handness_v2/v2_reviewed/final_confirm/views/R26_0914_110725_f001199_b1_full.jpg,/workspace/handness_v2/v2_reviewed/final_confirm/views/R26_0914_110725_f001199_b1_crop.jpg,test,,
R26_0914_110725_f001299_b1,R26_0914_110725,1299,0,0,/workspace/handness_v2/v2_reviewed/final_confirm/views/R26_0914_110725_f001299_b1_full.jpg,/workspace/handness_v2/v2_reviewed/final_confirm/views/R26_0914_110725_f001299_b1_crop.jpg,test,,
