stem,rec,frame,conf,tid,canonical_tid,n_claimed
R26_0910_132912_f000900_b0,R26_0910_132912,900,0.868,0,0,2
R26_0910_132912_f001000_b0,R26_0910_132912,1000,0.841,0,0,2
R26_0910_132912_f001100_b0,R26_0910_132912,1100,0.629,0,0,2
R26_0910_132912_f001199_b0,R26_0910_132912,1199,0.684,0,0,2
R26_0910_132912_f001299_b0,R26_0910_132912,1299,0.875,0,0,2
R26_0910_132912_f000900_b1,R26_0910_132912,900,0.827,1,1,2
R26_0910_132912_f001014_b1,R26_0910_132912,1014,0.847,1,1,2
R26_0910_132912_f001096_b1,R26_0910_132912,1096,0.856,1,1,2
R26_0910_132912_f001178_b1,R26_0910_132912,1178,0.832,1,1,2
R26_0910_132912_f001260_b1,R26_0910_132912,1260,0.691,1,1,2
R26_0910_132912_f001283_b1,R26_0910_132912,1283,0.723,2,2,2
R26_0910_132912_f001287_b1,R26_0910_132912,1287,0.743,2,2,2
R26_0910_132912_f001293_b1,R26_0910_132912,1293,0.743,2,2,2
R26_0910_132912_f001296_b1,R26_0910_132912,1296,0.787,2,2,2
R26_0910_132912_f001299_b1,R26_0910_132912,1299,0.814,2,2,2
R26_0910_141250_f000900_b0,R26_0910_141250,900,0.908,0,0,2
R26_0910_141250_f001000_b1,R26_0910_141250,1000,0.912,0,0,2
R26_0910_141250_f001100_b1,R26_0910_141250,1100,0.884,0,0,2
R26_0910_141250_f001199_b0,R26_0910_141250,1199,0.908,0,0,2
R26_0910_141250_f001299_b0,R26_0910_141250,1299,0.908,0,0,2
R26_0910_141250_f000900_b1,R26_0910_141250,900,0.863,1,1,2
R26_0910_141250_f000999_b0,R26_0910_141250,999,0.875,1,1,2
R26_0910_141250_f001098_b0,R26_0910_141250,1098,0.793,1,1,2
R26_0910_141250_f001200_b1,R26_0910_141250,1200,0.885,1,1,2
R26_0910_141250_f001299_b1,R26_0910_141250,1299,0.884,1,1,2
R26_0912_102004_f000900_b0,R26_0912_102004,900,0.857,0,0,2
R26_0912_102004_f000998_b0,R26_0912_102004,998,0.863,0,0,1
R26_0912_102004_f001095_b0,R26_0912_102004,1095,0.855,0,0,2
R26_0912_102004_f001193_b1,R26_0912_102004,1193,0.832,0,0,2
R26_0912_102004_f001299_b1,R26_0912_102004,1299,0.833,0,0,2
R26_0912_102004_f000900_b1,R26_0912_102004,900,0.839,1,1,2
R26_0912_102004_f001011_b1,R26_0912_102004,1011,0.852,1,1,2
R26_0912_102004_f001093_b1,R26_0912_102004,1093,0.869,1,1,2
R26_0912_102004_f001193_b0,R26_0912_102004,1193,0.806,1,1,2
R26_0912_102004_f001299_b0,R26_0912_102004,1299,0.847,1,1,2
R26_0912_102004_f000964_b1,R26_0912_102004,964,0.706,2,2,2
R26_0912_102004_f000970_b1,R26_0912_102004,970,0.681,2,2,2
R26_0912_102004_f000976_b1,R26_0912_102004,976,0.649,2,2,2
R26_0912_102004_f000983_b1,R26_0912_102004,983,0.692,2,2,2
R26_0912_102004_f000989_b1,R26_0912_102004,989,0.678,2,2,2
R26_0912_172543_f000900_b0,R26_0912_172543,900,0.843,0,0,2
R26_0912_172543_f001000_b0,R26_0912_172543,1000,0.852,0,0,2
R26_0912_172543_f001100_b0,R26_0912_172543,1100,0.887,0,0,2
R26_0912_172543_f001199_b1,R26_0912_172543,1199,0.849,0,0,2
R26_0912_172543_f001299_b0,R26_0912_172543,1299,0.869,0,0,2
R26_0912_172543_f000900_b1,R26_0912_172543,900,0.82,1,1,2
R26_0912_172543_f001000_b1,R26_0912_172543,1000,0.809,1,1,2
R26_0912_172543_f001100_b1,R26_0912_172543,1100,0.83,1,1,2
R26_0912_172543_f001199_b0,R26_0912_172543,1199,0.788,1,1,2
R26_0912_172543_f001299_b1,R26_0912_172543,1299,0.746,1,1,2
R26_0912_172543_f001026_b0,R26_0912_172543,1026,0.706,2,2,1
R26_0913_112458_f000900_b0,R26_0913_112458,900,0.848,0,0,2
R26_0913_112458_f000999_b0,R26_0913_112458,999,0.863,0,0,2
R26_0913_112458_f001098_b0,R26_0913_112458,1098,0.878,0,0,2
R26_0913_112458_f001200_b0,R26_0913_112458,1200,0.866,0,0,2
R26_0913_112458_f001299_b0,R26_0913_112458,1299,0.869,0,0,2
R26_0913_112458_f000900_b1,R26_0913_112458,900,0.84,1,1,2
R26_0913_112458_f000960_b1,R26_0913_112458,960,0.817,1,1,2
R26_0913_112458_f001020_b1,R26_0913_112458,1020,0.821,1,1,2
R26_0913_112458_f001081_b1,R26_0913_112458,1081,0.821,1,1,2
R26_0913_112458_f001141_b0,R26_0913_112458,1141,0.702,1,1,1
R26_0913_112458_f001142_b1,R26_0913_112458,1142,0.873,2,2,2
R26_0913_112458_f001145_b1,R26_0913_112458,1145,0.862,2,2,2
R26_0913_112458_f001148_b1,R26_0913_112458,1148,0.845,2,2,2
R26_0913_112458_f001150_b1,R26_0913_112458,1150,0.869,2,2,2
R26_0913_112458_f001155_b0,R26_0913_112458,1155,0.482,2,2,1
R26_0913_112458_f001153_b0,R26_0913_112458,1153,0.613,3,3,1
R26_0913_112458_f001190_b1,R26_0913_112458,1190,0.889,3,3,2
R26_0913_112458_f001226_b1,R26_0913_112458,1226,0.864,3,3,2
R26_0913_112458_f001263_b1,R26_0913_112458,1263,0.882,3,3,2
R26_0913_112458_f001299_b1,R26_0913_112458,1299,0.885,3,3,2
R26_0914_101959_f000900_b0,R26_0914_101959,900,0.817,0,0,1
R26_0914_101959_f001000_b0,R26_0914_101959,1000,0.866,0,0,2
R26_0914_101959_f001100_b1,R26_0914_101959,1100,0.856,0,0,2
R26_0914_101959_f001199_b0,R26_0914_101959,1199,0.884,0,0,2
R26_0914_101959_f001299_b0,R26_0914_101959,1299,0.882,0,0,2
R26_0914_101959_f000948_b1,R26_0914_101959,948,0.745,1,1,2
R26_0914_101959_f000970_b1,R26_0914_101959,970,0.803,1,1,2
R26_0914_101959_f000992_b1,R26_0914_101959,992,0.806,1,1,2
R26_0914_101959_f001015_b1,R26_0914_101959,1015,0.814,1,1,2
R26_0914_101959_f001038_b1,R26_0914_101959,1038,0.132,1,1,2
R26_0914_101959_f001062_b0,R26_0914_101959,1062,0.673,2,2,2
R26_0914_101959_f001082_b0,R26_0914_101959,1082,0.375,2,2,2
R26_0914_101959_f001102_b0,R26_0914_101959,1102,0.634,2,2,2
R26_0914_101959_f001123_b0,R26_0914_101959,1123,0.35,2,2,2
R26_0914_101959_f001144_b1,R26_0914_101959,1144,0.112,2,2,2
R26_0914_101959_f001142_b1,R26_0914_101959,1142,0.724,4,3,2
R26_0914_101959_f001183_b1,R26_0914_101959,1183,0.81,4,3,2
R26_0914_101959_f001222_b1,R26_0914_101959,1222,0.806,4,3,2
R26_0914_101959_f001260_b1,R26_0914_101959,1260,0.797,4,3,2
R26_0914_101959_f001299_b1,R26_0914_101959,1299,0.801,4,3,2
R26_0914_110725_f000900_b0,R26_0914_110725,900,0.861,1,1,2
R26_0914_110725_f001000_b0,R26_0914_110725,1000,0.728,1,1,2
R26_0914_110725_f001100_b0,R26_0914_110725,1100,0.816,1,1,2
R26_0914_110725_f001199_b0,R26_0914_110725,1199,0.81,1,1,2
R26_0914_110725_f001299_b0,R26_0914_110725,1299,0.774,1,1,2
R26_0914_110725_f000900_b1,R26_0914_110725,900,0.871,0,0,2
R26_0914_110725_f001000_b1,R26_0914_110725,1000,0.825,0,0,2
R26_0914_110725_f001100_b1,R26_0914_110725,1100,0.809,0,0,2
R26_0914_110725_f001199_b1,R26_0914_110725,1199,0.787,0,0,2
R26_0914_110725_f001299_b1,R26_0914_110725,1299,0.832,0,0,2
