item_id,rec,frame,raw_tid,canonical_tid,p_hand,target,supervision
R26_0910_132912_f000900_b0,R26_0910_132912,900,0,0,0.9914661645889282,,unlabeled
R26_0910_132912_f001000_b0,R26_0910_132912,1000,0,0,0.9934846758842468,,unlabeled
R26_0910_132912_f001100_b0,R26_0910_132912,1100,0,0,0.9972896575927734,,unlabeled
R26_0910_132912_f001199_b0,R26_0910_132912,1199,0,0,0.9943810701370239,,unlabeled
R26_0910_132912_f001299_b0,R26_0910_132912,1299,0,0,0.9946128726005554,,unlabeled
R26_0910_132912_f000900_b1,R26_0910_132912,900,1,1,0.9875600337982178,,unlabeled
R26_0910_132912_f001014_b1,R26_0910_132912,1014,1,1,0.9917620420455933,,unlabeled
R26_0910_132912_f001096_b1,R26_0910_132912,1096,1,1,0.975072979927063,,unlabeled
R26_0910_132912_f001178_b1,R26_0910_132912,1178,1,1,0.992050051689148,,unlabeled
R26_0910_132912_f001260_b1,R26_0910_132912,1260,1,1,0.9555078744888306,,unlabeled
R26_0910_132912_f001283_b1,R26_0910_132912,1283,2,2,0.9460850954055786,,unlabeled
R26_0910_132912_f001287_b1,R26_0910_132912,1287,2,2,0.894240140914917,,unlabeled
R26_0910_132912_f001293_b1,R26_0910_132912,1293,2,2,0.97926926612854,,unlabeled
R26_0910_132912_f001296_b1,R26_0910_132912,1296,2,2,0.9813003540039062,,unlabeled
R26_0910_132912_f001299_b1,R26_0910_132912,1299,2,2,0.9932090044021606,,unlabeled
R26_0910_141250_f000900_b0,R26_0910_141250,900,0,0,0.9983803629875183,,unlabeled
R26_0910_141250_f001000_b1,R26_0910_141250,1000,0,0,0.9982725381851196,,unlabeled
R26_0910_141250_f001100_b1,R26_0910_141250,1100,0,0,0.9921125769615173,,unlabeled
R26_0910_141250_f001199_b0,R26_0910_141250,1199,0,0,0.9973689913749695,,unlabeled
R26_0910_141250_f001299_b0,R26_0910_141250,1299,0,0,0.9985225200653076,,unlabeled
R26_0910_141250_f000900_b1,R26_0910_141250,900,1,1,0.9994109869003296,,unlabeled
R26_0910_141250_f000999_b0,R26_0910_141250,999,1,1,0.9987580180168152,,unlabeled
R26_0910_141250_f001098_b0,R26_0910_141250,1098,1,1,0.9977733492851257,,unlabeled
R26_0910_141250_f001200_b1,R26_0910_141250,1200,1,1,0.9971036911010742,,unlabeled
R26_0910_141250_f001299_b1,R26_0910_141250,1299,1,1,0.9992530345916748,,unlabeled
R26_0912_102004_f000900_b0,R26_0912_102004,900,0,0,0.9935398101806641,,unlabeled
R26_0912_102004_f000998_b0,R26_0912_102004,998,0,0,0.9987202882766724,,unlabeled
R26_0912_102004_f001095_b0,R26_0912_102004,1095,0,0,0.9971389770507812,,unlabeled
R26_0912_102004_f001193_b1,R26_0912_102004,1193,0,0,0.99559086561203,,unlabeled
R26_0912_102004_f001299_b1,R26_0912_102004,1299,0,0,0.996619701385498,,unlabeled
R26_0912_102004_f000900_b1,R26_0912_102004,900,1,1,0.991317629814148,,unlabeled
R26_0912_102004_f001011_b1,R26_0912_102004,1011,1,1,0.9984394311904907,,unlabeled
R26_0912_102004_f001093_b1,R26_0912_102004,1093,1,1,0.9956430196762085,,unlabeled
R26_0912_102004_f001193_b0,R26_0912_102004,1193,1,1,0.9960393309593201,,unlabeled
R26_0912_102004_f001299_b0,R26_0912_102004,1299,1,1,0.9939965605735779,,unlabeled
R26_0912_102004_f000964_b1,R26_0912_102004,964,2,2,0.909658670425415,,unlabeled
R26_0912_102004_f000970_b1,R26_0912_102004,970,2,2,0.897730827331543,,unlabeled
R26_0912_102004_f000976_b1,R26_0912_102004,976,2,2,0.9308225512504578,,unlabeled
R26_0912_102004_f000983_b1,R26_0912_102004,983,2,2,0.8673397898674011,,unlabeled
R26_0912_102004_f000989_b1,R26_0912_102004,989,2,2,0.7860194444656372,,unlabeled
R26_0912_172543_f000900_b0,R26_0912_172543,900,0,0,0.9916623830795288,,unlabeled
R26_0912_172543_f001000_b0,R26_0912_172543,1000,0,0,0.9593243598937988,,unlabeled
R26_0912_172543_f001100_b0,R26_0912_172543,1100,0,0,0.991809606552124,,unlabeled
R26_0912_172543_f001199_b1,R26_0912_172543,1199,0,0,0.9841876029968262,,unlabeled
R26_0912_172543_f001299_b0,R26_0912_172543,1299,0,0,0.9948064684867859,,unlabeled
R26_0912_172543_f000900_b1,R26_0912_172543,900,1,1,0.9797768592834473,,unlabeled
R26_0912_172543_f001000_b1,R26_0912_172543,1000,1,1,0.9772118330001831,,unlabeled
R26_0912_172543_f001100_b1,R26_0912_172543,1100,1,1,0.9952037334442139,,unlabeled
R26_0912_172543_f001199_b0,R26_0912_172543,1199,1,1,0.9901232123374939,,unlabeled
R26_0912_172543_f001299_b1,R26_0912_172543,1299,1,1,0.9652793407440186,,unlabeled
R26_0912_172543_f001026_b0,R26_0912_172543,1026,2,2,0.9883955717086792,,unlabeled
R26_0913_112458_f000900_b0,R26_0913_112458,900,0,0,0.9975465536117554,,unlabeled
R26_0913_112458_f000999_b0,R26_0913_112458,999,0,0,0.9965939521789551,,unlabeled
R26_0913_112458_f001098_b0,R26_0913_112458,1098,0,0,0.9942697882652283,,unlabeled
R26_0913_112458_f001200_b0,R26_0913_112458,1200,0,0,0.9973878860473633,,unlabeled
R26_0913_112458_f001299_b0,R26_0913_112458,1299,0,0,0.9968806505203247,,unlabeled
R26_0913_112458_f000900_b1,R26_0913_112458,900,1,1,0.9955136775970459,,unlabeled
R26_0913_112458_f000960_b1,R26_0913_112458,960,1,1,0.9953500032424927,,unlabeled
R26_0913_112458_f001020_b1,R26_0913_112458,1020,1,1,0.9898127913475037,,unlabeled
R26_0913_112458_f001081_b1,R26_0913_112458,1081,1,1,0.9571523070335388,,unlabeled
R26_0913_112458_f001141_b0,R26_0913_112458,1141,1,1,0.9875396490097046,,unlabeled
R26_0913_112458_f001142_b1,R26_0913_112458,1142,2,2,0.9966976046562195,,unlabeled
R26_0913_112458_f001145_b1,R26_0913_112458,1145,2,2,0.9879648685455322,,unlabeled
R26_0913_112458_f001148_b1,R26_0913_112458,1148,2,2,0.9702428579330444,,unlabeled
R26_0913_112458_f001150_b1,R26_0913_112458,1150,2,2,0.9793596267700195,,unlabeled
R26_0913_112458_f001155_b0,R26_0913_112458,1155,2,2,0.9907811880111694,,unlabeled
R26_0913_112458_f001153_b0,R26_0913_112458,1153,3,3,0.9750672578811646,,unlabeled
R26_0913_112458_f001190_b1,R26_0913_112458,1190,3,3,0.9929527044296265,,unlabeled
R26_0913_112458_f001226_b1,R26_0913_112458,1226,3,3,0.9921623468399048,,unlabeled
R26_0913_112458_f001263_b1,R26_0913_112458,1263,3,3,0.9979472160339355,,unlabeled
R26_0913_112458_f001299_b1,R26_0913_112458,1299,3,3,0.9976372718811035,,unlabeled
R26_0914_101959_f000900_b0,R26_0914_101959,900,0,0,0.9657354354858398,,unlabeled
R26_0914_101959_f001000_b0,R26_0914_101959,1000,0,0,0.9985174536705017,,unlabeled
R26_0914_101959_f001100_b1,R26_0914_101959,1100,0,0,0.9622364044189453,,unlabeled
R26_0914_101959_f001199_b0,R26_0914_101959,1199,0,0,0.9947942495346069,,unlabeled
R26_0914_101959_f001299_b0,R26_0914_101959,1299,0,0,0.9937000274658203,,unlabeled
R26_0914_101959_f000948_b1,R26_0914_101959,948,1,1,0.9540376663208008,,unlabeled
R26_0914_101959_f000970_b1,R26_0914_101959,970,1,1,0.9942770004272461,,unlabeled
R26_0914_101959_f000992_b1,R26_0914_101959,992,1,1,0.9958757162094116,,unlabeled
R26_0914_101959_f001015_b1,R26_0914_101959,1015,1,1,0.9909831881523132,,unlabeled
R26_0914_101959_f001038_b1,R26_0914_101959,1038,1,1,0.9846355319023132,,unlabeled
R26_0914_101959_f001062_b0,R26_0914_101959,1062,2,2,0.8340442180633545,,unlabeled
R26_0914_101959_f001082_b0,R26_0914_101959,1082,2,2,0.9081206321716309,,unlabeled
R26_0914_101959_f001102_b0,R26_0914_101959,1102,2,2,0.8904168605804443,,unlabeled
R26_0914_101959_f001123_b0,R26_0914_101959,1123,2,2,0.8156775832176208,,unlabeled
R26_0914_101959_f001144_b1,R26_0914_101959,1144,2,2,0.8504384756088257,,unlabeled
R26_0914_101959_f001142_b1,R26_0914_101959,1142,4,3,0.9900664687156677,,unlabeled
R26_0914_101959_f001183_b1,R26_0914_101959,1183,4,3,0.9919850826263428,,unlabeled
R26_0914_101959_f001222_b1,R26_0914_101959,1222,4,3,0.9953579902648926,,unlabeled
R26_0914_101959_f001260_b1,R26_0914_101959,1260,4,3,0.9909911155700684,,unlabeled
R26_0914_101959_f001299_b1,R26_0914_101959,1299,4,3,0.9936184287071228,,unlabeled
R26_0914_110725_f000900_b0,R26_0914_110725,900,1,1,0.9932841062545776,,unlabeled
R26_0914_110725_f001000_b0,R26_0914_110725,1000,1,1,0.9869562387466431,,unlabeled
R26_0914_110725_f001100_b0,R26_0914_110725,1100,1,1,0.9894555807113647,,unlabeled
R26_0914_110725_f001199_b0,R26_0914_110725,1199,1,1,0.9655498266220093,,unlabeled
R26_0914_110725_f001299_b0,R26_0914_110725,1299,1,1,0.9951083064079285,,unlabeled
R26_0914_110725_f000900_b1,R26_0914_110725,900,0,0,0.9943994879722595,,unlabeled
R26_0914_110725_f001000_b1,R26_0914_110725,1000,0,0,0.9851967692375183,,unlabeled
R26_0914_110725_f001100_b1,R26_0914_110725,1100,0,0,0.9775487780570984,,unlabeled
R26_0914_110725_f001199_b1,R26_0914_110725,1199,0,0,0.9836959838867188,,unlabeled
R26_0914_110725_f001299_b1,R26_0914_110725,1299,0,0,0.9688484072685242,,unlabeled
