rec,canonical_tid,n_views,n_hand,n_nothand,n_parse_error,suggested_label
R0819_151033,0,4,3,1,0,mixed
R0819_151033,1,2,2,0,0,unsure
R0819_151033,2,5,3,2,0,mixed
R0819_151033,3,1,0,1,0,unsure
R0819_151033,4,2,2,0,0,unsure
R0819_151033,5,3,3,0,0,hand
R0819_151033,6,1,1,0,0,unsure
R0819_151033,7,1,0,1,0,unsure
R0819_151033,8,8,8,0,0,hand
R0819_151033,9,1,0,1,0,unsure
R0821_095408,0,2,2,0,0,unsure
R0821_095408,3,1,1,0,0,unsure
R0821_172959,0,67,67,0,0,hand
R0821_172959,1,67,67,0,0,hand
R0825_104830,10,1,1,0,0,unsure
R0825_104830,17,1,0,1,0,unsure
R0825_104830,19,1,1,0,0,unsure
R0825_104830,2,1,1,0,0,unsure
R0825_104830,23,2,0,2,0,unsure
R0825_104830,25,2,2,0,0,unsure
R0825_104830,4,2,2,0,0,unsure
R0825_104830,9,1,1,0,0,unsure
R0825_110728,2,1,1,0,0,unsure
R0826_173614,0,50,50,0,0,hand
R0826_173614,1,2,2,0,0,unsure
R0826_173614,2,9,9,0,0,hand
R0826_173614,3,7,7,0,0,hand
R0827_110810,0,51,51,0,0,hand
R0827_110810,1,51,51,0,0,hand
R0827_114109,0,67,67,0,0,hand
R0827_114109,1,67,67,0,0,hand
R0827_154012,10,1,1,0,0,unsure
R0827_154012,12,1,1,0,0,unsure
R0829_171428,0,1,1,0,0,unsure
R0829_171428,1,36,36,0,0,hand
R0829_171428,2,30,30,0,0,hand
R0829_171428,3,13,11,2,0,mixed
R0829_171428,4,6,6,0,0,hand
