item_id,rec,frame,canonical_tid,full_path,crop_path
d39b14f80ca7bd8badf0e4da,R0819_151033,272,0,/workspace/validpkg_R0819_151033/context/R0819_151033_f000272_h0.jpg,/workspace/validpkg_R0819_151033/crops/R0819_151033_f000272_h0.jpg
fb3cd9531c6d7f7def7a18de,R0819_151033,275,0,/workspace/validpkg_R0819_151033/context/R0819_151033_f000275_h0.jpg,/workspace/validpkg_R0819_151033/crops/R0819_151033_f000275_h0.jpg
496faf425de78ea6898f7ca0,R0819_151033,279,0,/workspace/validpkg_R0819_151033/context/R0819_151033_f000279_h0.jpg,/workspace/validpkg_R0819_151033/crops/R0819_151033_f000279_h0.jpg
6fef5f494bd43d2de5ce3134,R0819_151033,282,0,/workspace/validpkg_R0819_151033/context/R0819_151033_f000282_h0.jpg,/workspace/validpkg_R0819_151033/crops/R0819_151033_f000282_h0.jpg
997189163f4204484fad4839,R0819_151033,289,1,/workspace/validpkg_R0819_151033/context/R0819_151033_f000289_h1.jpg,/workspace/validpkg_R0819_151033/crops/R0819_151033_f000289_h1.jpg
1da3e28a7560517fb3997dfb,R0819_151033,292,1,/workspace/validpkg_R0819_151033/context/R0819_151033_f000292_h1.jpg,/workspace/validpkg_R0819_151033/crops/R0819_151033_f000292_h1.jpg
07b12f7b556a1200f98a0d88,R0819_151033,292,2,/workspace/validpkg_R0819_151033/context/R0819_151033_f000292_h2.jpg,/workspace/validpkg_R0819_151033/crops/R0819_151033_f000292_h2.jpg
8d59be4a88a04c175b5eeccf,R0819_151033,295,2,/workspace/validpkg_R0819_151033/context/R0819_151033_f000295_h2.jpg,/workspace/validpkg_R0819_151033/crops/R0819_151033_f000295_h2.jpg
a05426cca1226a01431a488e,R0819_151033,298,2,/workspace/validpkg_R0819_151033/context/R0819_151033_f000298_h2.jpg,/workspace/validpkg_R0819_151033/crops/R0819_151033_f000298_h2.jpg
deac03ecc26864446a948af1,R0819_151033,301,2,/workspace/validpkg_R0819_151033/context/R0819_151033_f000301_h2.jpg,/workspace/validpkg_R0819_151033/crops/R0819_151033_f000301_h2.jpg
9cd0d35bb7b53207fd684a28,R0819_151033,304,2,/workspace/validpkg_R0819_151033/context/R0819_151033_f000304_h2.jpg,/workspace/validpkg_R0819_151033/crops/R0819_151033_f000304_h2.jpg
5045e5d43872373f69cbe330,R0819_151033,295,3,/workspace/validpkg_R0819_151033/context/R0819_151033_f000295_h3.jpg,/workspace/validpkg_R0819_151033/crops/R0819_151033_f000295_h3.jpg
81075d9af26787c5a32da425,R0819_151033,295,4,/workspace/validpkg_R0819_151033/context/R0819_151033_f000295_h4.jpg,/workspace/validpkg_R0819_151033/crops/R0819_151033_f000295_h4.jpg
e82aeb096e9dec05d9199bcf,R0819_151033,298,4,/workspace/validpkg_R0819_151033/context/R0819_151033_f000298_h4.jpg,/workspace/validpkg_R0819_151033/crops/R0819_151033_f000298_h4.jpg
10b65e9000807865f77f606a,R0819_151033,303,5,/workspace/validpkg_R0819_151033/context/R0819_151033_f000303_h5.jpg,/workspace/validpkg_R0819_151033/crops/R0819_151033_f000303_h5.jpg
85e32428163507d4a5a13620,R0819_151033,306,5,/workspace/validpkg_R0819_151033/context/R0819_151033_f000306_h5.jpg,/workspace/validpkg_R0819_151033/crops/R0819_151033_f000306_h5.jpg
219bce70f23e9a8041a5999b,R0819_151033,309,5,/workspace/validpkg_R0819_151033/context/R0819_151033_f000309_h5.jpg,/workspace/validpkg_R0819_151033/crops/R0819_151033_f000309_h5.jpg
48fa4d04c8520055cb14cca7,R0819_151033,308,6,/workspace/validpkg_R0819_151033/context/R0819_151033_f000308_h6.jpg,/workspace/validpkg_R0819_151033/crops/R0819_151033_f000308_h6.jpg
78cb41095d0ea5a909fc71ec,R0819_151033,315,7,/workspace/validpkg_R0819_151033/context/R0819_151033_f000315_h7.jpg,/workspace/validpkg_R0819_151033/crops/R0819_151033_f000315_h7.jpg
feeb9df210318dbab34bf35e,R0819_151033,316,8,/workspace/validpkg_R0819_151033/context/R0819_151033_f000316_h8.jpg,/workspace/validpkg_R0819_151033/crops/R0819_151033_f000316_h8.jpg
7735fa46de42680709cccc65,R0819_151033,322,8,/workspace/validpkg_R0819_151033/context/R0819_151033_f000322_h8.jpg,/workspace/validpkg_R0819_151033/crops/R0819_151033_f000322_h8.jpg
3c4176b2ef49c3b327f64ff2,R0819_151033,328,8,/workspace/validpkg_R0819_151033/context/R0819_151033_f000328_h8.jpg,/workspace/validpkg_R0819_151033/crops/R0819_151033_f000328_h8.jpg
fe18f93471393fdbbbac1ac8,R0819_151033,331,8,/workspace/validpkg_R0819_151033/context/R0819_151033_f000331_h8.jpg,/workspace/validpkg_R0819_151033/crops/R0819_151033_f000331_h8.jpg
bc44f0b5e5c492e67376018d,R0819_151033,337,8,/workspace/validpkg_R0819_151033/context/R0819_151033_f000337_h8.jpg,/workspace/validpkg_R0819_151033/crops/R0819_151033_f000337_h8.jpg
816bec3547c6b969c6e4d2ed,R0819_151033,432,9,/workspace/validpkg_R0819_151033/context/R0819_151033_f000432_h9.jpg,/workspace/validpkg_R0819_151033/crops/R0819_151033_f000432_h9.jpg
28ddb1c2830a5b10848f37b1,R0821_095408,306,0,/workspace/trackpkg_R0821_095408/context/R0821_095408_f000306_h0.jpg,/workspace/trackpkg_R0821_095408/crops/R0821_095408_f000306_h0.jpg
7b0ed48261169e2d52eeb0fa,R0821_095408,309,0,/workspace/trackpkg_R0821_095408/context/R0821_095408_f000309_h0.jpg,/workspace/trackpkg_R0821_095408/crops/R0821_095408_f000309_h0.jpg
72dbb09afd5f212e0751306d,R0821_095408,340,3,/workspace/trackpkg_R0821_095408/context/R0821_095408_f000340_h3.jpg,/workspace/trackpkg_R0821_095408/crops/R0821_095408_f000340_h3.jpg
253c79fb9131493bdff12edd,R0821_172959,752,0,/workspace/validpkg_R0821_172959/context/R0821_172959_f000752_h0.jpg,/workspace/validpkg_R0821_172959/crops/R0821_172959_f000752_h0.jpg
c2cefef76903a4318aaac33e,R0821_172959,800,0,/workspace/validpkg_R0821_172959/context/R0821_172959_f000800_h0.jpg,/workspace/validpkg_R0821_172959/crops/R0821_172959_f000800_h0.jpg
97d3e0bfc4793ae52ac506b2,R0821_172959,851,0,/workspace/validpkg_R0821_172959/context/R0821_172959_f000851_h0.jpg,/workspace/validpkg_R0821_172959/crops/R0821_172959_f000851_h0.jpg
458a4711924089db23b087f9,R0821_172959,902,0,/workspace/validpkg_R0821_172959/context/R0821_172959_f000902_h0.jpg,/workspace/validpkg_R0821_172959/crops/R0821_172959_f000902_h0.jpg
8fac921bed63b9ab4fdec66b,R0821_172959,950,0,/workspace/validpkg_R0821_172959/context/R0821_172959_f000950_h0.jpg,/workspace/validpkg_R0821_172959/crops/R0821_172959_f000950_h0.jpg
d7cd4f7eb45c07d4e33926c6,R0821_172959,752,1,/workspace/validpkg_R0821_172959/context/R0821_172959_f000752_h1.jpg,/workspace/validpkg_R0821_172959/crops/R0821_172959_f000752_h1.jpg
34644c8001056ab79ae95262,R0821_172959,800,1,/workspace/validpkg_R0821_172959/context/R0821_172959_f000800_h1.jpg,/workspace/validpkg_R0821_172959/crops/R0821_172959_f000800_h1.jpg
89b3a8d2c9c0940ce53d6629,R0821_172959,851,1,/workspace/validpkg_R0821_172959/context/R0821_172959_f000851_h1.jpg,/workspace/validpkg_R0821_172959/crops/R0821_172959_f000851_h1.jpg
91869afcc9cf1f3a4bb5706a,R0821_172959,902,1,/workspace/validpkg_R0821_172959/context/R0821_172959_f000902_h1.jpg,/workspace/validpkg_R0821_172959/crops/R0821_172959_f000902_h1.jpg
cf22cf6eadcd90e7dff63d62,R0821_172959,950,1,/workspace/validpkg_R0821_172959/context/R0821_172959_f000950_h1.jpg,/workspace/validpkg_R0821_172959/crops/R0821_172959_f000950_h1.jpg
b85c0cdd9fae29b8d2455793,R0825_104830,79,10,/workspace/trackpkg_R0825_104830/context/R0825_104830_f000079_h10.jpg,/workspace/trackpkg_R0825_104830/crops/R0825_104830_f000079_h10.jpg
5f56f71ac75a88c010a09e03,R0825_104830,98,17,/workspace/trackpkg_R0825_104830/context/R0825_104830_f000098_h17.jpg,/workspace/trackpkg_R0825_104830/crops/R0825_104830_f000098_h17.jpg
3f1eca1b54395407c3a3e2a1,R0825_104830,110,19,/workspace/trackpkg_R0825_104830/context/R0825_104830_f000110_h19.jpg,/workspace/trackpkg_R0825_104830/crops/R0825_104830_f000110_h19.jpg
536be0eb899a16606d1d23bf,R0825_104830,20,2,/workspace/trackpkg_R0825_104830/context/R0825_104830_f000020_h2.jpg,/workspace/trackpkg_R0825_104830/crops/R0825_104830_f000020_h2.jpg
0530e19fa452442779768f36,R0825_104830,153,23,/workspace/trackpkg_R0825_104830/context/R0825_104830_f000153_h23.jpg,/workspace/trackpkg_R0825_104830/crops/R0825_104830_f000153_h23.jpg
4454b6c28dad5ee83bf7e28c,R0825_104830,156,23,/workspace/trackpkg_R0825_104830/context/R0825_104830_f000156_h23.jpg,/workspace/trackpkg_R0825_104830/crops/R0825_104830_f000156_h23.jpg
f4edc1406b177bb7d1f0fd8f,R0825_104830,165,25,/workspace/trackpkg_R0825_104830/context/R0825_104830_f000165_h25.jpg,/workspace/trackpkg_R0825_104830/crops/R0825_104830_f000165_h25.jpg
1be414e6f30dcf48d7382db4,R0825_104830,168,25,/workspace/trackpkg_R0825_104830/context/R0825_104830_f000168_h25.jpg,/workspace/trackpkg_R0825_104830/crops/R0825_104830_f000168_h25.jpg
3bc10b07320cfc745e1b3048,R0825_104830,31,4,/workspace/trackpkg_R0825_104830/context/R0825_104830_f000031_h4.jpg,/workspace/trackpkg_R0825_104830/crops/R0825_104830_f000031_h4.jpg
af7f1f87632579500cbfd1fb,R0825_104830,34,4,/workspace/trackpkg_R0825_104830/context/R0825_104830_f000034_h4.jpg,/workspace/trackpkg_R0825_104830/crops/R0825_104830_f000034_h4.jpg
31b6d2234c141dde7f5af4d4,R0825_104830,78,9,/workspace/trackpkg_R0825_104830/context/R0825_104830_f000078_h9.jpg,/workspace/trackpkg_R0825_104830/crops/R0825_104830_f000078_h9.jpg
0ec7577c372eb1877ae2abac,R0825_110728,240,2,/workspace/valid2pkg_R0825_110728/context/R0825_110728_f000240_h2.jpg,/workspace/valid2pkg_R0825_110728/crops/R0825_110728_f000240_h2.jpg
1043eceff22ebefcf9472ad7,R0826_173614,262,0,/workspace/validpkg_R0826_173614/context/R0826_173614_f000262_h0.jpg,/workspace/validpkg_R0826_173614/crops/R0826_173614_f000262_h0.jpg
db8fcd2e460f18fa4f411234,R0826_173614,298,0,/workspace/validpkg_R0826_173614/context/R0826_173614_f000298_h0.jpg,/workspace/validpkg_R0826_173614/crops/R0826_173614_f000298_h0.jpg
f1c2b6a614f268ad9d0563ab,R0826_173614,334,0,/workspace/validpkg_R0826_173614/context/R0826_173614_f000334_h0.jpg,/workspace/validpkg_R0826_173614/crops/R0826_173614_f000334_h0.jpg
500e7765eda0afbd91077196,R0826_173614,373,0,/workspace/validpkg_R0826_173614/context/R0826_173614_f000373_h0.jpg,/workspace/validpkg_R0826_173614/crops/R0826_173614_f000373_h0.jpg
1494b06d2a0efc827362b042,R0826_173614,409,0,/workspace/validpkg_R0826_173614/context/R0826_173614_f000409_h0.jpg,/workspace/validpkg_R0826_173614/crops/R0826_173614_f000409_h0.jpg
3241532989e74c7779c4c0bf,R0826_173614,378,1,/workspace/validpkg_R0826_173614/context/R0826_173614_f000378_h1.jpg,/workspace/validpkg_R0826_173614/crops/R0826_173614_f000378_h1.jpg
5198e30ce900df71e01016b2,R0826_173614,381,1,/workspace/validpkg_R0826_173614/context/R0826_173614_f000381_h1.jpg,/workspace/validpkg_R0826_173614/crops/R0826_173614_f000381_h1.jpg
5221d1666e5f68826c50d4aa,R0826_173614,384,2,/workspace/validpkg_R0826_173614/context/R0826_173614_f000384_h2.jpg,/workspace/validpkg_R0826_173614/crops/R0826_173614_f000384_h2.jpg
47220777e3c852357314f929,R0826_173614,390,2,/workspace/validpkg_R0826_173614/context/R0826_173614_f000390_h2.jpg,/workspace/validpkg_R0826_173614/crops/R0826_173614_f000390_h2.jpg
0718db89de79a5d459ed640a,R0826_173614,396,2,/workspace/validpkg_R0826_173614/context/R0826_173614_f000396_h2.jpg,/workspace/validpkg_R0826_173614/crops/R0826_173614_f000396_h2.jpg
b3480d3bb109ff0dbbc27250,R0826_173614,402,2,/workspace/validpkg_R0826_173614/context/R0826_173614_f000402_h2.jpg,/workspace/validpkg_R0826_173614/crops/R0826_173614_f000402_h2.jpg
b81b00e9342d2932db60ca1a,R0826_173614,408,2,/workspace/validpkg_R0826_173614/context/R0826_173614_f000408_h2.jpg,/workspace/validpkg_R0826_173614/crops/R0826_173614_f000408_h2.jpg
f8f16ddc856e3e87f28b23f3,R0826_173614,442,3,/workspace/validpkg_R0826_173614/context/R0826_173614_f000442_h3.jpg,/workspace/validpkg_R0826_173614/crops/R0826_173614_f000442_h3.jpg
e679f6e549a062d53ea452a8,R0826_173614,448,3,/workspace/validpkg_R0826_173614/context/R0826_173614_f000448_h3.jpg,/workspace/validpkg_R0826_173614/crops/R0826_173614_f000448_h3.jpg
49c24a170f0736ab442fb77b,R0826_173614,451,3,/workspace/validpkg_R0826_173614/context/R0826_173614_f000451_h3.jpg,/workspace/validpkg_R0826_173614/crops/R0826_173614_f000451_h3.jpg
bb3be121def1439f02a1b32c,R0826_173614,454,3,/workspace/validpkg_R0826_173614/context/R0826_173614_f000454_h3.jpg,/workspace/validpkg_R0826_173614/crops/R0826_173614_f000454_h3.jpg
5a50f5daf6acaae9132aa79d,R0826_173614,460,3,/workspace/validpkg_R0826_173614/context/R0826_173614_f000460_h3.jpg,/workspace/validpkg_R0826_173614/crops/R0826_173614_f000460_h3.jpg
6fe969a7f308294e038b9775,R0827_110810,842,0,/workspace/validpkg_R0827_110810/context/R0827_110810_f000842_h0.jpg,/workspace/validpkg_R0827_110810/crops/R0827_110810_f000842_h0.jpg
f0f52597872b36a41c6e4083,R0827_110810,878,0,/workspace/validpkg_R0827_110810/context/R0827_110810_f000878_h0.jpg,/workspace/validpkg_R0827_110810/crops/R0827_110810_f000878_h0.jpg
bf06c2bddc1c9477045c8c6d,R0827_110810,917,0,/workspace/validpkg_R0827_110810/context/R0827_110810_f000917_h0.jpg,/workspace/validpkg_R0827_110810/crops/R0827_110810_f000917_h0.jpg
5f16ae9fbe436b17b9b91e0c,R0827_110810,956,0,/workspace/validpkg_R0827_110810/context/R0827_110810_f000956_h0.jpg,/workspace/validpkg_R0827_110810/crops/R0827_110810_f000956_h0.jpg
384cc8f03224452f465ae722,R0827_110810,992,0,/workspace/validpkg_R0827_110810/context/R0827_110810_f000992_h0.jpg,/workspace/validpkg_R0827_110810/crops/R0827_110810_f000992_h0.jpg
92fea29d23c1198fa0802476,R0827_110810,842,1,/workspace/validpkg_R0827_110810/context/R0827_110810_f000842_h1.jpg,/workspace/validpkg_R0827_110810/crops/R0827_110810_f000842_h1.jpg
b36c363be1702748d65dd6e9,R0827_110810,878,1,/workspace/validpkg_R0827_110810/context/R0827_110810_f000878_h1.jpg,/workspace/validpkg_R0827_110810/crops/R0827_110810_f000878_h1.jpg
a530c986ffbef41669b251d4,R0827_110810,917,1,/workspace/validpkg_R0827_110810/context/R0827_110810_f000917_h1.jpg,/workspace/validpkg_R0827_110810/crops/R0827_110810_f000917_h1.jpg
ce7b9e11b419c0ae1c6d03c3,R0827_110810,956,1,/workspace/validpkg_R0827_110810/context/R0827_110810_f000956_h1.jpg,/workspace/validpkg_R0827_110810/crops/R0827_110810_f000956_h1.jpg
0d1fa2eb94bafcce55f3faf2,R0827_110810,993,1,/workspace/validpkg_R0827_110810/context/R0827_110810_f000993_h1.jpg,/workspace/validpkg_R0827_110810/crops/R0827_110810_f000993_h1.jpg
0f407be539fa85c7375e007c,R0827_114109,479,0,/workspace/validpkg_R0827_114109/context/R0827_114109_f000479_h0.jpg,/workspace/validpkg_R0827_114109/crops/R0827_114109_f000479_h0.jpg
e8b45beeba74f51261281ee4,R0827_114109,527,0,/workspace/validpkg_R0827_114109/context/R0827_114109_f000527_h0.jpg,/workspace/validpkg_R0827_114109/crops/R0827_114109_f000527_h0.jpg
8cddda5dafe0d978d2672649,R0827_114109,578,0,/workspace/validpkg_R0827_114109/context/R0827_114109_f000578_h0.jpg,/workspace/validpkg_R0827_114109/crops/R0827_114109_f000578_h0.jpg
a675712e2a298d9097088380,R0827_114109,629,0,/workspace/validpkg_R0827_114109/context/R0827_114109_f000629_h0.jpg,/workspace/validpkg_R0827_114109/crops/R0827_114109_f000629_h0.jpg
d5c0677f2f71e4e4c9ba870f,R0827_114109,677,0,/workspace/validpkg_R0827_114109/context/R0827_114109_f000677_h0.jpg,/workspace/validpkg_R0827_114109/crops/R0827_114109_f000677_h0.jpg
19ff748ecfd00bb954e74c4c,R0827_114109,479,1,/workspace/validpkg_R0827_114109/context/R0827_114109_f000479_h1.jpg,/workspace/validpkg_R0827_114109/crops/R0827_114109_f000479_h1.jpg
472b76217b2c4c24295b1cca,R0827_114109,527,1,/workspace/validpkg_R0827_114109/context/R0827_114109_f000527_h1.jpg,/workspace/validpkg_R0827_114109/crops/R0827_114109_f000527_h1.jpg
7fd8a7f6dfbbecf511f8c9f8,R0827_114109,578,1,/workspace/validpkg_R0827_114109/context/R0827_114109_f000578_h1.jpg,/workspace/validpkg_R0827_114109/crops/R0827_114109_f000578_h1.jpg
ebe11c0ddc66eeaf490d6c1e,R0827_114109,629,1,/workspace/validpkg_R0827_114109/context/R0827_114109_f000629_h1.jpg,/workspace/validpkg_R0827_114109/crops/R0827_114109_f000629_h1.jpg
0bf314fe00f7ae498ef54ffe,R0827_114109,677,1,/workspace/validpkg_R0827_114109/context/R0827_114109_f000677_h1.jpg,/workspace/validpkg_R0827_114109/crops/R0827_114109_f000677_h1.jpg
c0638ad71f14c5e491ed9254,R0827_154012,248,10,/workspace/valid2pkg_R0827_154012/context/R0827_154012_f000248_h10.jpg,/workspace/valid2pkg_R0827_154012/crops/R0827_154012_f000248_h10.jpg
6ad01611847fba852cd58b1b,R0827_154012,255,12,/workspace/valid2pkg_R0827_154012/context/R0827_154012_f000255_h12.jpg,/workspace/valid2pkg_R0827_154012/crops/R0827_154012_f000255_h12.jpg
866cf8f75c56d0bc3adbb901,R0829_171428,769,0,/workspace/validpkg_R0829_171428/context/R0829_171428_f000769_h0.jpg,/workspace/validpkg_R0829_171428/crops/R0829_171428_f000769_h0.jpg
d38f4aa769cc6acab2a57e87,R0829_171428,774,1,/workspace/validpkg_R0829_171428/context/R0829_171428_f000774_h1.jpg,/workspace/validpkg_R0829_171428/crops/R0829_171428_f000774_h1.jpg
9296c5bff686d4201c5686ce,R0829_171428,801,1,/workspace/validpkg_R0829_171428/context/R0829_171428_f000801_h1.jpg,/workspace/validpkg_R0829_171428/crops/R0829_171428_f000801_h1.jpg
634a09c16b0478d02f847791,R0829_171428,828,1,/workspace/validpkg_R0829_171428/context/R0829_171428_f000828_h1.jpg,/workspace/validpkg_R0829_171428/crops/R0829_171428_f000828_h1.jpg
b9ae6acee831bb5696b57800,R0829_171428,852,1,/workspace/validpkg_R0829_171428/context/R0829_171428_f000852_h1.jpg,/workspace/validpkg_R0829_171428/crops/R0829_171428_f000852_h1.jpg
b4715e868325be597f843a99,R0829_171428,880,1,/workspace/validpkg_R0829_171428/context/R0829_171428_f000880_h1.jpg,/workspace/validpkg_R0829_171428/crops/R0829_171428_f000880_h1.jpg
a2c24dceb24328e03070bd65,R0829_171428,775,2,/workspace/validpkg_R0829_171428/context/R0829_171428_f000775_h2.jpg,/workspace/validpkg_R0829_171428/crops/R0829_171428_f000775_h2.jpg
15a472c41c5a3330a7eddf1c,R0829_171428,796,2,/workspace/validpkg_R0829_171428/context/R0829_171428_f000796_h2.jpg,/workspace/validpkg_R0829_171428/crops/R0829_171428_f000796_h2.jpg
e4a83beaace6bb902f83368a,R0829_171428,817,2,/workspace/validpkg_R0829_171428/context/R0829_171428_f000817_h2.jpg,/workspace/validpkg_R0829_171428/crops/R0829_171428_f000817_h2.jpg
b6b6e49d435cd9e5909a56ce,R0829_171428,841,2,/workspace/validpkg_R0829_171428/context/R0829_171428_f000841_h2.jpg,/workspace/validpkg_R0829_171428/crops/R0829_171428_f000841_h2.jpg
908e2b751c9a0635a8e54d2b,R0829_171428,862,2,/workspace/validpkg_R0829_171428/context/R0829_171428_f000862_h2.jpg,/workspace/validpkg_R0829_171428/crops/R0829_171428_f000862_h2.jpg
3d4219cd8f30d3ab56251cad,R0829_171428,877,3,/workspace/validpkg_R0829_171428/context/R0829_171428_f000877_h3.jpg,/workspace/validpkg_R0829_171428/crops/R0829_171428_f000877_h3.jpg
8e4afefbcfd62be6f7d3f6c2,R0829_171428,886,3,/workspace/validpkg_R0829_171428/context/R0829_171428_f000886_h3.jpg,/workspace/validpkg_R0829_171428/crops/R0829_171428_f000886_h3.jpg
b5e6e041439ac123b3b74c19,R0829_171428,901,3,/workspace/validpkg_R0829_171428/context/R0829_171428_f000901_h3.jpg,/workspace/validpkg_R0829_171428/crops/R0829_171428_f000901_h3.jpg
8111c951a04c20dbb6f23417,R0829_171428,904,3,/workspace/validpkg_R0829_171428/context/R0829_171428_f000904_h3.jpg,/workspace/validpkg_R0829_171428/crops/R0829_171428_f000904_h3.jpg
903935cf1fdb48b5f60eb3df,R0829_171428,919,3,/workspace/validpkg_R0829_171428/context/R0829_171428_f000919_h3.jpg,/workspace/validpkg_R0829_171428/crops/R0829_171428_f000919_h3.jpg
91e34f115c4bbf92d9df4ff8,R0829_171428,889,4,/workspace/validpkg_R0829_171428/context/R0829_171428_f000889_h4.jpg,/workspace/validpkg_R0829_171428/crops/R0829_171428_f000889_h4.jpg
10639a4ca2c89c9da818a076,R0829_171428,892,4,/workspace/validpkg_R0829_171428/context/R0829_171428_f000892_h4.jpg,/workspace/validpkg_R0829_171428/crops/R0829_171428_f000892_h4.jpg
b98b5cb88e62797d8e6b04e0,R0829_171428,895,4,/workspace/validpkg_R0829_171428/context/R0829_171428_f000895_h4.jpg,/workspace/validpkg_R0829_171428/crops/R0829_171428_f000895_h4.jpg
a648610bff007641a3bac96e,R0829_171428,901,4,/workspace/validpkg_R0829_171428/context/R0829_171428_f000901_h4.jpg,/workspace/validpkg_R0829_171428/crops/R0829_171428_f000901_h4.jpg
f193965d586323d37d30d4ea,R0829_171428,904,4,/workspace/validpkg_R0829_171428/context/R0829_171428_f000904_h4.jpg,/workspace/validpkg_R0829_171428/crops/R0829_171428_f000904_h4.jpg
