event_id,recording_id,category,gt_time,Matched pred_time,pred_score,offset,prev_segment_label,next_segment_label,containing_segment_label,nearest_previous_segment_label,nearest_next_segment_label,nearest_gt_boundary_time,distance_to_nearest_gt,clip_path,contact_sheet_path,score_plot_path,primary_error_type,secondary_error_type,visual_evidence_present,notes,gt_label_quality,boundary_status,corrected_boundary_time,semantic_label_status,corrected_primary_verb,corrected_secondary_verbs,corrected_object,assigned_corrected_relation,contrastive_role,review_confidence
recording_000022_missed_signal_present_not_top_t366.5,recording_000022,missed_signal_present_not_top,366.5,,0.324,,Initiate additional mug rinse,Scrub mug interior,,,,,,/workspace/tr1/results/boundary/error_audit/media/recording_000022_missed_signal_present_not_top_t366.5.mp4,/workspace/tr1/results/boundary/error_audit/media/recording_000022_missed_signal_present_not_top_t366.5_contact_sheet.png,/workspace/tr1/results/boundary/error_audit/media/recording_000022_missed_signal_present_not_top_t366.5_score_plot.png,model_localization_error,early_trigger,yes,"OBS: A clear response peak is present around 364.5 s, approximately 2 s before the annotated boundary at 366.5 s. The probability then decreases steadily before reaching the GT timestamp.

JUDGMENT: The model detects the ongoing transition but localizes the boundary too early. No matched prediction falls within the evaluation tolerance.

CAUSE: Early activation during a gradual transition, resulting in localization error rather than complete detection failure.",supported,valid_gt_model_mislocalized,366.5,correct,scrub,finish additional rinse,mug,gt_valid_pred_mislocalized,boundary_positive,medium
recording_000150_missed_signal_present_not_top_t34.0,recording_000150,missed_signal_present_not_top,34,,0.218,,Flip remote control to opposite side,Flip remote control to opposite side,,,,,,/workspace/tr1/results/boundary/error_audit/media/recording_000150_missed_signal_present_not_top_t34.0.mp4,/workspace/tr1/results/boundary/error_audit/media/recording_000150_missed_signal_present_not_top_t34.0_contact_sheet.png,/workspace/tr1/results/boundary/error_audit/media/recording_000150_missed_signal_present_not_top_t34.0_score_plot.png,annotation_error,spurious_boundary,no,"The GT at 34.0 s falls inside a higher-level remote-flip task rather than at a distinct action boundary. The visible sequence contains separate flips around the surrounding times, so the model's low response at 34.0 s is reasonable.",misaligned,spurious_gt_boundary,33.3; 34.9,correct_but_oversegmented,flip,hold; inspect,remote control,gt_spurious_between_two_true_boundaries,boundary_motion_hard_negative,high
recording_000188_missed_signal_present_not_top_t25.0,recording_000188,missed_signal_present_not_top,25,,0.067,,Remove wrapped device from first product box,Unwrap first portable charger from protective packaging,,,,,,/workspace/tr1/results/boundary/error_audit/media/recording_000188_missed_signal_present_not_top_t25.0.mp4,/workspace/tr1/results/boundary/error_audit/media/recording_000188_missed_signal_present_not_top_t25.0_contact_sheet.png,/workspace/tr1/results/boundary/error_audit/media/recording_000188_missed_signal_present_not_top_t25.0_score_plot.png,model_detection_failure,weak_signal,yes,A valid but visually subtle transition occurs from removing the wrapped charger from the box to beginning to unwrap its protective packaging. The model remains at a very low score and does not form a usable peak.,supported,valid_gt_model_weak_signal,25,correct,unwrap,remove from box,portable charger,gt_valid_pred_weak,boundary_positive,high
recording_000188_missed_signal_present_not_top_t39.0,recording_000188,missed_signal_present_not_top,39,,0.028,,Inspect first portable charger,Repack first portable charger and close product box,,,,,,/workspace/tr1/results/boundary/error_audit/media/recording_000188_missed_signal_present_not_top_t39.0.mp4,/workspace/tr1/results/boundary/error_audit/media/recording_000188_missed_signal_present_not_top_t39.0_contact_sheet.png,/workspace/tr1/results/boundary/error_audit/media/recording_000188_missed_signal_present_not_top_t39.0_score_plot.png,model_detection_failure,weak_signal,yes,A valid transition occurs from inspecting the first portable charger to beginning to repack it. The model produces only a weak delayed response and no usable boundary peak.,supported,valid_gt_model_weak_signal,39,correct,repack,inspect; place in protective packaging,portable charger,gt_valid_pred_weak,boundary_positive,high
recording_000176_missed_signal_present_not_top_t188.5,recording_000176,missed_signal_present_not_top,188.5,,0.099,,Rinse sink strainer,Install sink strainer into drain,,,,,,/workspace/tr1/results/boundary/error_audit/media/recording_000176_missed_signal_present_not_top_t188.5.mp4,/workspace/tr1/results/boundary/error_audit/media/recording_000176_missed_signal_present_not_top_t188.5_contact_sheet.png,/workspace/tr1/results/boundary/error_audit/media/recording_000176_missed_signal_present_not_top_t188.5_score_plot.png,model_detection_failure,weak_signal,yes,"The participant finishes rinsing the sink strainer, leaves or turns off the faucet, and moves the strainer toward the drain for installation. The model responds weakly but not strongly enough to select a boundary.",supported,valid_gt_model_weak_signal,188.5,correct,install,finish rinsing; turn off or leave faucet,sink strainer,gt_valid_pred_weak,boundary_positive,high
recording_000046_missed_signal_present_not_top_t378.7,recording_000046,missed_signal_present_not_top,378.7,,0.14,,Retrieving sheet from pack,Folding sheet,,,,,,/workspace/tr1/results/boundary/error_audit/media/recording_000046_missed_signal_present_not_top_t378.7.mp4,/workspace/tr1/results/boundary/error_audit/media/recording_000046_missed_signal_present_not_top_t378.7_contact_sheet.png,/workspace/tr1/results/boundary/error_audit/media/recording_000046_missed_signal_present_not_top_t378.7_score_plot.png,model_localization_error,outside_matching_tolerance,yes,"The model detects a strong visual change before the annotated boundary, corresponding to retrieving/removing the sheet from the pack rather than the transition into folding. The response peak occurs approximately 2 seconds before the GT boundary and no comparable peak appears near the annotated transition. This indicates a localization failure where the model focuses on an earlier motion event.",supported,valid_gt_model_mislocalized,378.7,correct,fold,finish retrieving,paper sheet,gt_valid_pred_mislocalized,boundary_positive,medium
recording_000193_missed_signal_present_not_top_t264.2,recording_000193,missed_signal_present_not_top,264.2,,0.141,,,Telescopic rod extend-retract cycle,,,,,,/workspace/tr1/results/boundary/error_audit/media/recording_000193_missed_signal_present_not_top_t264.2.mp4,/workspace/tr1/results/boundary/error_audit/media/recording_000193_missed_signal_present_not_top_t264.2_contact_sheet.png,/workspace/tr1/results/boundary/error_audit/media/recording_000193_missed_signal_present_not_top_t264.2_score_plot.png,annotation_error,spurious_boundary,no,"The video shows one continuous cable-pulling and adjustment action. The brief regrasp around the GT does not form an action-level transition, and the telescopic-rod label does not match the visible object.",incorrect,spurious_gt_boundary,none,incorrect,pull,regrasp; adjust,cable,gt_spurious_within_continuous_action,boundary_motion_hard_negative,high
recording_000105_missed_signal_present_not_top_t582.0,recording_000105,missed_signal_present_not_top,582,,0.3,,8th tissue fold and press,9th tissue fold and press,,,,,,/workspace/tr1/results/boundary/error_audit/media/recording_000105_missed_signal_present_not_top_t582.0.mp4,/workspace/tr1/results/boundary/error_audit/media/recording_000105_missed_signal_present_not_top_t582.0_contact_sheet.png,/workspace/tr1/results/boundary/error_audit/media/recording_000105_missed_signal_present_not_top_t582.0_score_plot.png,decoder_threshold_failure,below_threshold,yes,"A genuine transition is visible from a relatively stationary hand state to continuous circular motion. The model produces a correctly located local peak at approximately 581.5 s, about 0.5 s before the GT, but its score remains below the decoding threshold and is therefore not selected. The boundary timing is visually supported, although the ""8th/9th tissue fold and press"" labels do not accurately describe the observed motion.",incorrect,valid_gt_decoder_missed,581.5–582.0,incorrect,wipe,start; press; move in circles,tissue / paper sheet,gt_valid_candidate_peak_below_threshold,boundary_positive,high
recording_000022_missed_weak_signal_t466.8,recording_000022,missed_weak_signal,466.8,,0.029,,Rinse mug after scrubbing,Place washed mug on counter,,,,,,/workspace/tr1/results/boundary/error_audit/media/recording_000022_missed_weak_signal_t466.8.mp4,/workspace/tr1/results/boundary/error_audit/media/recording_000022_missed_weak_signal_t466.8_contact_sheet.png,/workspace/tr1/results/boundary/error_audit/media/recording_000022_missed_weak_signal_t466.8_score_plot.png,annotation_offset,gt_too_early,yes,"True gt: 466.8, predict gt is too early: 464",supported,valid_gt_model_mislocalized,466.8,correct,place,finish rinsing,mug,gt_valid_pred_mislocalized,boundary_positive,medium
recording_000102_missed_weak_signal_t23.5,recording_000102,missed_weak_signal,23.5,,0.055,,Second fold and press tissue,Third fold and press tissue,,,,,,/workspace/tr1/results/boundary/error_audit/media/recording_000102_missed_weak_signal_t23.5.mp4,/workspace/tr1/results/boundary/error_audit/media/recording_000102_missed_weak_signal_t23.5_contact_sheet.png,/workspace/tr1/results/boundary/error_audit/media/recording_000102_missed_weak_signal_t23.5_score_plot.png,annotation_error,spurious_boundary,no,"The video shows one continuous action in which both hands press the tissue against the table and move it broadly from side to side. No semantic transition is visible around the GT boundary at 23.5 s, and the labels ""Second fold and press tissue"" and ""Third fold and press tissue"" do not match the observed action. The very low model score at the GT is therefore appropriate; this apparent missed boundary is caused by a spurious and semantically incorrect annotation rather than a model detection failure.",incorrect,spurious_gt_boundary,none,incorrect,wipe,press; move laterally,tissue / paper sheet,gt_spurious_within_continuous_action,boundary_motion_hard_negative,high
recording_000105_missed_weak_signal_t72.0,recording_000105,missed_weak_signal,72,,0.093,,Paper fold-unfold cycle,Paper fold-unfold cycle,,,,,,/workspace/tr1/results/boundary/error_audit/media/recording_000105_missed_weak_signal_t72.0.mp4,/workspace/tr1/results/boundary/error_audit/media/recording_000105_missed_weak_signal_t72.0_contact_sheet.png,/workspace/tr1/results/boundary/error_audit/media/recording_000105_missed_weak_signal_t72.0_score_plot.png,annotation_error,spurious_boundary,no,"The video shows one continuous circular wiping motion with both hands pressing the tissue against the table. No semantic transition is visible around the GT boundary at 72 s, and the low model response is therefore appropriate. The repeated ""Paper fold-unfold cycle"" labels do not match the observed action, indicating a spurious boundary and incorrect semantic annotation rather than a model detection failure.",incorrect,spurious_gt_boundary,none,incorrect,wipe,press; move in circles,tissue / paper sheet,gt_spurious_within_continuous_action,boundary_motion_hard_negative,high
recording_000053_missed_weak_signal_t486.0,recording_000053,missed_weak_signal,486,,0.066,,,Fill dark bottles from table into bowl,,,,,,/workspace/tr1/results/boundary/error_audit/media/recording_000053_missed_weak_signal_t486.0.mp4,/workspace/tr1/results/boundary/error_audit/media/recording_000053_missed_weak_signal_t486.0_contact_sheet.png,/workspace/tr1/results/boundary/error_audit/media/recording_000053_missed_weak_signal_t486.0_score_plot.png,model_detection_failure,no_response,no,"No visible hand-object interaction or clear state change is observed around the annotated boundary. The boundary is not visually supported in the available frames, and the model shows no meaningful response. This may indicate a limitation of the visual evidence rather than a pure detection failure.",incorrect,valid_gt_model_missed,unresolved,uncertain,,,,gt_unverifiable_from_visible_input,exclude_until_corrected,high
recording_000102_missed_weak_signal_t95.0,recording_000102,missed_weak_signal,95,,0.123,,Fold and unfold a paper sheet,Fold and unfold a paper sheet,,,,,,/workspace/tr1/results/boundary/error_audit/media/recording_000102_missed_weak_signal_t95.0.mp4,/workspace/tr1/results/boundary/error_audit/media/recording_000102_missed_weak_signal_t95.0_contact_sheet.png,/workspace/tr1/results/boundary/error_audit/media/recording_000102_missed_weak_signal_t95.0_score_plot.png,model_detection_failure,weak_signal,yes,"A genuine transition is visible around the GT boundary: the motion changes from large lateral back-and-forth wiping to small circular wiping while both hands remain pressed on the tissue. The model produces only a weak response near this transition and fails to generate a usable peak. Although the boundary timing is visually supported, the annotation label ""Fold and unfold a paper sheet"" does not match the observed actions.",incorrect,valid_gt_model_weak_signal,95.0,incorrect,wipe,change from lateral strokes to small circles,tissue / paper sheet,gt_valid_model_weak,boundary_positive,high
recording_000150_missed_weak_signal_t9.5,recording_000150,missed_weak_signal,9.5,,0.013,,,Flip remote control to opposite side,,,,,,/workspace/tr1/results/boundary/error_audit/media/recording_000150_missed_weak_signal_t9.5.mp4,/workspace/tr1/results/boundary/error_audit/media/recording_000150_missed_weak_signal_t9.5_contact_sheet.png,/workspace/tr1/results/boundary/error_audit/media/recording_000150_missed_weak_signal_t9.5_score_plot.png,model_detection_failure,no_response,yes,"A clear remote-control flip occurs at the GT, but the score is nearly zero and no local response is formed.",supported,valid_gt_model_missed,9.5,correct,flip,inspect opposite side,remote control,gt_valid_pred_missing,boundary_positive,high
recording_000220_missed_weak_signal_t586.4,recording_000220,missed_weak_signal,586.4,,0.156,,Display upper side of slippers,Display insole side of slippers,,,,,,/workspace/tr1/results/boundary/error_audit/media/recording_000220_missed_weak_signal_t586.4.mp4,/workspace/tr1/results/boundary/error_audit/media/recording_000220_missed_weak_signal_t586.4_contact_sheet.png,/workspace/tr1/results/boundary/error_audit/media/recording_000220_missed_weak_signal_t586.4_score_plot.png,annotation_error,spurious_boundary,no,"The GT splits the internal flip from the upper side to the insole side within one continuous slipper inspection cycle. Under the adopted cycle-level granularity, no separate action boundary is required here.",misaligned,spurious_gt_boundary,none at 586.4; retain ~583.8 cycle onset,correct_but_oversegmented,inspect,flip; display upper side; display insole side,slippers,gt_spurious_internal_cycle_phase,boundary_motion_hard_negative,high
recording_000220_missed_weak_signal_t289.5,recording_000220,missed_weak_signal,289.5,,0.196,,Display footbed side of slippers,Display upper side of slippers,,,,,,/workspace/tr1/results/boundary/error_audit/media/recording_000220_missed_weak_signal_t289.5.mp4,/workspace/tr1/results/boundary/error_audit/media/recording_000220_missed_weak_signal_t289.5_contact_sheet.png,/workspace/tr1/results/boundary/error_audit/media/recording_000220_missed_weak_signal_t289.5_score_plot.png,annotation_error,spurious_boundary,no,"The GT splits the internal flip from the footbed side to the upper side within one continuous slipper display cycle. Under the adopted cycle-level granularity, no separate action boundary is required here.",misaligned,spurious_gt_boundary,none at 289.5; retain ~286.5 cycle onset,correct_but_oversegmented,inspect,flip; display footbed; display upper side,slippers,gt_spurious_internal_cycle_phase,boundary_motion_hard_negative,high
recording_000181_late_t233.0,recording_000181,late,233,233.5,0.759,0.5,Clean sink drain strainer,Clean sink drain strainer,,,,,,/workspace/tr1/results/boundary/error_audit/media/recording_000181_late_t233.0.mp4,/workspace/tr1/results/boundary/error_audit/media/recording_000181_late_t233.0_contact_sheet.png,/workspace/tr1/results/boundary/error_audit/media/recording_000181_late_t233.0_score_plot.png,true_positive,none,yes,"The GT and prediction both align with removing the sink strainer, and the 0.5 s offset is acceptable. A later transition into faucet-based rinsing is not separately represented, so the repeated label is too coarse.",weakly_supported,correct_acceptable_offset,233.0–233.5; additional ~234.0–234.5,correct_but_coarse,remove,reach faucet; begin rinsing,sink strainer,gt_pred_same_first_boundary_additional_boundary_missing,boundary_positive,high
recording_000030_late_t387.5,recording_000030,late,387.5,388,0.804,0.5,Move water bottle from left to center position,,,,,,,/workspace/tr1/results/boundary/error_audit/media/recording_000030_late_t387.5.mp4,/workspace/tr1/results/boundary/error_audit/media/recording_000030_late_t387.5_contact_sheet.png,/workspace/tr1/results/boundary/error_audit/media/recording_000030_late_t387.5_score_plot.png,true_positive,none,yes,Prediction is temporally close to the GT boundary and corresponds to the same move-to-center transition. The 0.5 s delay reflects normal temporal variation between transition completion and stable post-transition state rather than a localization error.,supported,correct_acceptable_offset,387.5–388,correct,reposition,move left to center; stabilize,water bottle,gt_pred_same_acceptable_offset,boundary_positive,high
recording_000181_late_t73.5,recording_000181,late,73.5,74,0.772,0.5,Clean sink drain strainer,Rinse and reseat sink drain strainer,,,,,,/workspace/tr1/results/boundary/error_audit/media/recording_000181_late_t73.5.mp4,/workspace/tr1/results/boundary/error_audit/media/recording_000181_late_t73.5_contact_sheet.png,/workspace/tr1/results/boundary/error_audit/media/recording_000181_late_t73.5_score_plot.png,true_positive,none,yes,The GT and prediction lie within the same transition window from cleaning the strainer to rinsing/reseating it. The 0.5 s delay is acceptable.,supported,correct_acceptable_offset,73.5–74,correct,rinse,finish cleaning; reseat,sink strainer,gt_pred_same_acceptable_offset,boundary_positive,high
recording_000213_late_t43.0,recording_000213,late,43,43.5,0.825,0.5,Clean sink drain strainer,,,,,,,/workspace/tr1/results/boundary/error_audit/media/recording_000213_late_t43.0.mp4,/workspace/tr1/results/boundary/error_audit/media/recording_000213_late_t43.0_contact_sheet.png,/workspace/tr1/results/boundary/error_audit/media/recording_000213_late_t43.0_score_plot.png,true_positive,none,yes,"A brief idle interval separates two action phases. One action-level boundary is sufficient, and the single prediction at 43.5 s is a reasonable unified boundary; the nearby pair of GT edges over-segments the idle interval.",weakly_supported,correct_acceptable_offset,43.0–44.0 (single transition interval),correct_but_coarse,manipulate,finish; idle; re-engage,sink strainer,gt_pred_unify_two_idle_edges,naming_soft_positive,high
recording_000213_late_t150.0,recording_000213,late,150,150.5,0.857,0.5,"Remove, rinse and reseat sink strainer","Remove, rinse and reseat sink strainer",,,,,,/workspace/tr1/results/boundary/error_audit/media/recording_000213_late_t150.0.mp4,/workspace/tr1/results/boundary/error_audit/media/recording_000213_late_t150.0_contact_sheet.png,/workspace/tr1/results/boundary/error_audit/media/recording_000213_late_t150.0_score_plot.png,true_positive,none,yes,The GT and prediction fall in the same visually supported strainer-manipulation transition window. The 0.5 s offset is acceptable.,supported,correct_acceptable_offset,150–150.5,correct,manipulate,finish previous phase; re-engage,sink strainer,gt_pred_same_acceptable_offset,boundary_positive,high
recording_000053_late_t207.5,recording_000053,late,207.5,208,0.455,0.5,Replace used tissue with new one,Wipe table with second tissue,,,,,,/workspace/tr1/results/boundary/error_audit/media/recording_000053_late_t207.5.mp4,/workspace/tr1/results/boundary/error_audit/media/recording_000053_late_t207.5_contact_sheet.png,/workspace/tr1/results/boundary/error_audit/media/recording_000053_late_t207.5_score_plot.png,true_positive,none,yes,"Prediction is within acceptable temporal tolerance of the annotated boundary. The predicted peak corresponds to the same semantic transition from replacing the used tissue to wiping the table with the new tissue. The 0.5 s delay is likely due to normal variation between transition onset and the strongest visual change, rather than a localization error.",supported,correct_acceptable_offset,207.5–208,correct,wipe,replace used tissue,table surface / tissue,gt_pred_same_acceptable_offset,boundary_positive,high
recording_000030_late_t501.0,recording_000030,late,501,501.5,0.886,0.5,Move water bottle from table center to left,,,,,,,/workspace/tr1/results/boundary/error_audit/media/recording_000030_late_t501.0.mp4,/workspace/tr1/results/boundary/error_audit/media/recording_000030_late_t501.0_contact_sheet.png,/workspace/tr1/results/boundary/error_audit/media/recording_000030_late_t501.0_score_plot.png,ontology_granularity_mismatch,extra_fine_grained_transition,yes,"The clip contains a finer-grained interaction cycle than the annotated boundary: holding the bottle, releasing it on the table, and regrasping it. The GT boundary corresponds to the coarse action transition (""Move water bottle from table center to left""), while the model detects an additional visually meaningful sub-action transition shortly after the GT, as indicated by the subsequent prediction peak. This suggests a mismatch between model-discovered temporal structure and annotation granularity rather than a simple late localization error.",weakly_supported,valid_unannotated_boundary,501.0–501.5; adjacent release/regrasp transition,correct_but_coarse,reposition,release; place; regrasp,water bottle,multiple_true_phases_under_one_coarse_label,boundary_positive,high
recording_000080_late_t559.5,recording_000080,late,559.5,560,0.813,0.5,,Fold and discard a paper tissue,,,,,,/workspace/tr1/results/boundary/error_audit/media/recording_000080_late_t559.5.mp4,/workspace/tr1/results/boundary/error_audit/media/recording_000080_late_t559.5_contact_sheet.png,/workspace/tr1/results/boundary/error_audit/media/recording_000080_late_t559.5_score_plot.png,ontology_granularity_mismatch,extra_fine_grained_transition,yes,"The clip appears to contain multiple fine-grained transitions, including retrieving the tissue and folding it, while the annotation combines them into a single ""Fold and discard a paper tissue"" action. The model produces multiple responses corresponding to these sub-actions rather than a single boundary. The discard component is not visually confirmed in the available clip, suggesting either annotation granularity mismatch or a possible label error.",incorrect,valid_unannotated_boundary,~558.5; 559.5–560.0,incorrect,fold,retrieve; extract,tissue / paper sheet,gt_pred_valid_but_label_includes_unseen_discard,naming_hard_negative,medium
recording_000181_exact_t93.5,recording_000181,exact,93.5,93.5,0.921,0,Rinse and reseat sink drain strainer,Rinse and reseat sink drain strainer,,,,,,/workspace/tr1/results/boundary/error_audit/media/recording_000181_exact_t93.5.mp4,/workspace/tr1/results/boundary/error_audit/media/recording_000181_exact_t93.5_contact_sheet.png,/workspace/tr1/results/boundary/error_audit/media/recording_000181_exact_t93.5_score_plot.png,true_positive,none,yes,The prediction exactly matches a clear transition in the sink-strainer manipulation sequence.,supported,correct,93.5,correct,manipulate,rinse; reseat,sink strainer,gt_pred_same,naming_strong_positive,high
recording_000030_exact_t12.2,recording_000030,exact,12.2,12,0.737,-0.2,,Slide bottle back to center from front (upright),,,,,,/workspace/tr1/results/boundary/error_audit/media/recording_000030_exact_t12.2.mp4,/workspace/tr1/results/boundary/error_audit/media/recording_000030_exact_t12.2_contact_sheet.png,/workspace/tr1/results/boundary/error_audit/media/recording_000030_exact_t12.2_score_plot.png,true_positive,none,yes,the score plot have three lines and one of them falls really near to the true gt,supported,correct,12–12.2,correct,reposition,slide; set upright,water bottle,gt_pred_same,naming_strong_positive,medium
recording_000116_exact_t435.2,recording_000116,exact,435.2,435,0.623,-0.2,,Cleaning countertop with squeegee,,,,,,/workspace/tr1/results/boundary/error_audit/media/recording_000116_exact_t435.2.mp4,/workspace/tr1/results/boundary/error_audit/media/recording_000116_exact_t435.2_contact_sheet.png,/workspace/tr1/results/boundary/error_audit/media/recording_000116_exact_t435.2_score_plot.png,true_positive,none,yes,"The prediction at 435.0 s aligns with the visible transition into cleaning the countertop with the squeegee. The 0.2 s offset from the GT boundary is negligible, and the score forms a clear local maximum around the transition. This is a valid exact match.",supported,correct,435–435.2,correct,wipe,begin squeegee cleaning,countertop / sink surface,gt_pred_same,naming_strong_positive,high
recording_000160_exact_t575.6,recording_000160,exact,575.6,575.5,0.813,-0.1,Rinse and re-seat sink strainer,Rinse and re-seat sink strainer,,,,,,/workspace/tr1/results/boundary/error_audit/media/recording_000160_exact_t575.6.mp4,/workspace/tr1/results/boundary/error_audit/media/recording_000160_exact_t575.6_contact_sheet.png,/workspace/tr1/results/boundary/error_audit/media/recording_000160_exact_t575.6_score_plot.png,true_positive,none,yes,"The exact temporal match is provisionally accepted from the audit metadata, although this row was not independently re-reviewed frame by frame in the current pass.",weakly_supported,correct,575.5–575.6,correct_but_coarse,manipulate,rinse; reseat,sink strainer,gt_pred_same,naming_soft_positive,high
recording_000183_exact_t144.0,recording_000183,exact,144,144,0.579,0,Remove and position strainer,Rinse sink strainer,,,,,,/workspace/tr1/results/boundary/error_audit/media/recording_000183_exact_t144.0.mp4,/workspace/tr1/results/boundary/error_audit/media/recording_000183_exact_t144.0_contact_sheet.png,/workspace/tr1/results/boundary/error_audit/media/recording_000183_exact_t144.0_score_plot.png,true_positive,none,yes,The prediction exactly matches the transition from removing/positioning the strainer to rinsing it.,supported,correct,144,correct,rinse,remove; position,sink strainer,gt_pred_same,naming_strong_positive,high
recording_000220_exact_t522.0,recording_000220,exact,522,522,0.474,0,,Slipper inspection cycle,,,,,,/workspace/tr1/results/boundary/error_audit/media/recording_000220_exact_t522.0.mp4,/workspace/tr1/results/boundary/error_audit/media/recording_000220_exact_t522.0_contact_sheet.png,/workspace/tr1/results/boundary/error_audit/media/recording_000220_exact_t522.0_score_plot.png,true_positive,none,yes,"The 522.0 s match is valid for the single transition into the slipper inspection cycle, although an adjacent GT and an additional prediction over-segment the same local action cycle.",weakly_supported,correct,521.5–522.0,correct_but_coarse,inspect,flip; display,slippers,current_match_valid_adjacent_gt_and_pred_redundant,naming_soft_positive,high
recording_000061_exact_t590.0,recording_000061,exact,590,590,0.732,0,Bottle manipulation over bowl,,,,,,,/workspace/tr1/results/boundary/error_audit/media/recording_000061_exact_t590.0.mp4,/workspace/tr1/results/boundary/error_audit/media/recording_000061_exact_t590.0_contact_sheet.png,/workspace/tr1/results/boundary/error_audit/media/recording_000061_exact_t590.0_score_plot.png,model_motion_semantic_confusion,no_visual_transition,no,"The matched prediction coincides with the annotated boundary, but the local clip provides little visible evidence of a semantic transition. Multiple nearby peaks are produced around a visually static scene, suggesting spurious boundary responses rather than a well-localized event. The GT boundary may correspond to an action occurring outside the visible evidence window.",incorrect,unresolved,unresolved,uncertain,,,,gt_unverifiable_from_visible_input,exclude_until_corrected,high
recording_000160_exact_t207.5,recording_000160,exact,207.5,207.5,0.826,0,Reinstall and adjust sink drain strainer,Remove sink drain strainer,,,,,,/workspace/tr1/results/boundary/error_audit/media/recording_000160_exact_t207.5.mp4,/workspace/tr1/results/boundary/error_audit/media/recording_000160_exact_t207.5_contact_sheet.png,/workspace/tr1/results/boundary/error_audit/media/recording_000160_exact_t207.5_score_plot.png,true_positive,none,yes,The prediction exactly matches the visible transition from reinstalling/adjusting the strainer to removing it.,supported,correct,207.5,correct,remove,reinstall; adjust,sink strainer,gt_pred_same,naming_strong_positive,high
recording_000134_false_near_edge_t130.0,recording_000134,false_near_edge,128.9,130,0.487,,,,Fold second tissue sheet into compact rectangle,Fold a tissue paper into a compact rectangle (starts here),Fold third tissue sheet into compact rectangle,128.9,1.1,/workspace/tr1/results/boundary/error_audit/media/recording_000134_false_near_edge_t130.0.mp4,/workspace/tr1/results/boundary/error_audit/media/recording_000134_false_near_edge_t130.0_contact_sheet.png,/workspace/tr1/results/boundary/error_audit/media/recording_000134_false_near_edge_t130.0_score_plot.png,annotation_error,incorrect_label,yes,"The annotation describes folding the tissue into a compact rectangle, but the video shows the reverse action: the participant grasps a compact folded tissue and begins unfolding/opening it. The GT and the earlier prediction near 128.9 s correspond to reaching for or grasping the tissue, while the prediction at 130.0 s corresponds to the actual onset of unfolding. The latter therefore has clear visual support and is classified as false_near_edge mainly because the nearby GT has already been matched, while the semantic annotation itself is incorrect.",incorrect,valid_boundary_label_incorrect,128.9 (reach/grasp); 130.0 (unfold onset),incorrect,unfold,reach; grasp; open,tissue / paper sheet,gt_and_pred_mark_different_valid_phases_label_reversed,naming_hard_negative,high
recording_000176_false_near_edge_t345.5,recording_000176,false_near_edge,347,345.5,0.736,,,,Clean and reinstall sink strainer,Clean and reinstall sink strainer,Clean and reinstall sink strainer,347,1.5,/workspace/tr1/results/boundary/error_audit/media/recording_000176_false_near_edge_t345.5.mp4,/workspace/tr1/results/boundary/error_audit/media/recording_000176_false_near_edge_t345.5_contact_sheet.png,/workspace/tr1/results/boundary/error_audit/media/recording_000176_false_near_edge_t345.5_score_plot.png,ontology_granularity_mismatch,extra_fine_grained_transition,yes,"The prediction captures an earlier release/re-engagement transition, while the later GT captures lifting the strainer and reaching toward the faucet. Both are meaningful phases hidden by a repeated coarse label.",weakly_supported,valid_unannotated_boundary,345.5; 347.0,correct_but_coarse,re-engage,withdraw; lift; reach faucet,sink strainer,gt_and_pred_mark_different_valid_transitions,boundary_positive,high
recording_000116_false_near_edge_t562.0,recording_000116,false_near_edge,559.9,562,0.552,,,,Cleaning countertop with squeegee,Wash hands under running water,Wipe countertop with squeegee,559.9,2.1,/workspace/tr1/results/boundary/error_audit/media/recording_000116_false_near_edge_t562.0.mp4,/workspace/tr1/results/boundary/error_audit/media/recording_000116_false_near_edge_t562.0_contact_sheet.png,/workspace/tr1/results/boundary/error_audit/media/recording_000116_false_near_edge_t562.0_score_plot.png,model_motion_semantic_confusion,internal_subaction,no,"The genuine transition occurs near the beginning of the clip, around 559.9 s, where the activity changes from rinsing under the faucet to cleaning the countertop with the squeegee. By 562.0 s, the participant is already continuously performing the same squeegee-cleaning action, with no new semantic transition. The prediction likely responds to an internal motion or direction change within the ongoing action rather than a valid boundary.",supported,spurious_model_boundary,none at 562.0; retain 559.9,correct,wipe,change direction; continue cleaning,countertop / sink surface,pred_spurious_within_ongoing_action,boundary_motion_hard_negative,high
recording_000181_false_near_edge_t564.0,recording_000181,false_near_edge,566,564,0.872,,,,Clean sink drain strainer and wipe sink basin,Clean and re-seat sink strainer,Clean sink drain strainer and wipe sink basin,566,2,/workspace/tr1/results/boundary/error_audit/media/recording_000181_false_near_edge_t564.0.mp4,/workspace/tr1/results/boundary/error_audit/media/recording_000181_false_near_edge_t564.0_contact_sheet.png,/workspace/tr1/results/boundary/error_audit/media/recording_000181_false_near_edge_t564.0_score_plot.png,annotation_error,incorrect_label,yes,"The prediction aligns with beginning to remove the sink strainer, while the later GT aligns with moving it toward the faucet. The supplied labels do not accurately describe these local phases and incorrectly mention basin wiping.",incorrect,valid_boundary_label_incorrect,564.0; 566.0,incorrect,remove,lift; reach faucet; begin rinsing,sink strainer,gt_and_pred_mark_different_valid_transitions_label_wrong,naming_hard_negative,high
recording_000134_false_near_edge_t562.5,recording_000134,false_near_edge,561.6,562.5,0.563,,,,Fold one tissue sheet and stack it,Fold one tissue sheet and stack it,Fold one tissue sheet and stack it,561.6,0.9,/workspace/tr1/results/boundary/error_audit/media/recording_000134_false_near_edge_t562.5.mp4,/workspace/tr1/results/boundary/error_audit/media/recording_000134_false_near_edge_t562.5_contact_sheet.png,/workspace/tr1/results/boundary/error_audit/media/recording_000134_false_near_edge_t562.5_score_plot.png,annotation_error,incorrect_label,yes,"The annotation label is semantically incorrect: the video shows reaching for the second folded tissue, picking it up, and beginning to unfold it, rather than folding and stacking a tissue sheet. The GT at 561.6 s marks the onset of reaching, while the prediction at 562.5 s marks actual contact and pickup. Both timestamps are visually defensible boundary locations, so the temporal discrepancy does not indicate a model localization failure.",incorrect,valid_boundary_label_incorrect,561.6–562.5,incorrect,unfold,reach; pick up,second tissue sheet,gt_pred_bracket_reach_to_contact_label_wrong,naming_hard_negative,high
recording_000110_false_near_edge_t504.0,recording_000110,false_near_edge,505.4,504,0.456,,,,Hand rinsing under faucet,Wipe back counter behind sink,Second squeegee cleaning session,505.4,1.4,/workspace/tr1/results/boundary/error_audit/media/recording_000110_false_near_edge_t504.0.mp4,/workspace/tr1/results/boundary/error_audit/media/recording_000110_false_near_edge_t504.0_contact_sheet.png,/workspace/tr1/results/boundary/error_audit/media/recording_000110_false_near_edge_t504.0_score_plot.png,ontology_granularity_mismatch,extra_fine_grained_transition,yes,"The prediction at 504.0 s aligns with a real transition from rinsing hands to turning off the faucet and ending the rinse. The later GT boundary at 505.4 s is closer to reaching for and picking up the squeegee, while the label ""Second squeegee cleaning session"" appears temporally premature for the visible action. This suggests that the prediction captures a valid but unannotated sub-action boundary rather than a spurious response.",incorrect,valid_unannotated_boundary,504.0; 505.4,partially_correct,turn off,finish rinsing; pick up squeegee,faucet and squeegee,gt_and_pred_mark_different_valid_transitions,boundary_positive,high
recording_000183_false_near_edge_t355.0,recording_000183,false_near_edge,353,355,0.538,,,,Sink strainer cleaning cycle,Complete sink strainer cleaning cycle,Sink strainer cleaning cycle,353,2,/workspace/tr1/results/boundary/error_audit/media/recording_000183_false_near_edge_t355.0.mp4,/workspace/tr1/results/boundary/error_audit/media/recording_000183_false_near_edge_t355.0_contact_sheet.png,/workspace/tr1/results/boundary/error_audit/media/recording_000183_false_near_edge_t355.0_score_plot.png,ontology_granularity_mismatch,extra_fine_grained_transition,yes,"The prediction corresponds to lifting the strainer and reaching toward the faucet, a distinct fine-grained transition not represented by the repeated cleaning-cycle labels.",weakly_supported,valid_unannotated_boundary,353.0; 355.0,correct_but_coarse,rinse,lift; reach faucet,sink strainer,gt_and_pred_mark_different_valid_transitions,boundary_positive,high
recording_000213_false_near_edge_t547.0,recording_000213,false_near_edge,548.5,547,0.9,,,,Rinse and re-seat sink strainer,Rinse and re-seat sink strainer,Clean and replace sink strainer,548.5,1.5,/workspace/tr1/results/boundary/error_audit/media/recording_000213_false_near_edge_t547.0.mp4,/workspace/tr1/results/boundary/error_audit/media/recording_000213_false_near_edge_t547.0_contact_sheet.png,/workspace/tr1/results/boundary/error_audit/media/recording_000213_false_near_edge_t547.0_score_plot.png,annotation_ambiguity,multiple_valid_boundaries,yes,"The prediction marks the end of the previous action and entry into idle, while the GT marks the end of idle and onset of the next action. Both are defensible conventions around the same inter-action gap.",supported,ambiguous_boundary_window,547.0–548.5,correct_but_coarse,manipulate,finish; idle; re-engage,sink strainer,gt_pred_bracket_idle_interval,naming_soft_positive,high
recording_000102_false_mid_segment_t439.0,recording_000102,false_mid_segment,438,439,0.566,,,,fold and unfold tissue,fold and unfold tissue,fold and unfold tissue,438,1,/workspace/tr1/results/boundary/error_audit/media/recording_000102_false_mid_segment_t439.0.mp4,/workspace/tr1/results/boundary/error_audit/media/recording_000102_false_mid_segment_t439.0_contact_sheet.png,/workspace/tr1/results/boundary/error_audit/media/recording_000102_false_mid_segment_t439.0_score_plot.png,model_motion_semantic_confusion,repetitive_motion,no,"The prediction at 439 s occurs within the ongoing large back-and-forth wiping motion, with no clear semantic transition at that time. A genuine transition is visible near the later GT boundary at 441 s, where the motion changes to small circular wiping on the table. The 439 s prediction therefore appears to be a repetitive-motion false positive rather than a valid boundary.",incorrect,spurious_model_boundary,none at 439.0; true later boundary ~441.0,incorrect,wipe,large strokes; change to small circles,tissue / paper sheet,pred_spurious_before_later_valid_gt,boundary_motion_hard_negative,high
recording_000022_false_mid_segment_t240.0,recording_000022,false_mid_segment,237.5,240,0.493,,,,Grasp mug for repositioning,Shake water off hands,Scrub mug interior,237.5,2.5,/workspace/tr1/results/boundary/error_audit/media/recording_000022_false_mid_segment_t240.0.mp4,/workspace/tr1/results/boundary/error_audit/media/recording_000022_false_mid_segment_t240.0_contact_sheet.png,/workspace/tr1/results/boundary/error_audit/media/recording_000022_false_mid_segment_t240.0_score_plot.png,annotation_ambiguity,adjacent_label_misaligned,yes,"OBS: Continuous mug handling and repositioning are visible throughout the clip. No distinct hand-shaking action is observed.
JUDGMENT: The automatic false-mid-segment label is questionable because the adjacent GT label ""Shake water off hands"" is not visually supported.
CAUSE: Likely annotation-label mismatch or temporal misalignment in the neighboring segment labels.",incorrect,ambiguous_boundary_window,unresolved,incorrect,reposition,grasp; handle,mug,adjacent_label_mismatch_prevents_reliable_boundary_assignment,naming_hard_negative,medium
recording_000220_false_mid_segment_t153.0,recording_000220,false_mid_segment,153.8,153,0.556,,,,Slipper pair flip cycle,Slipper pair flip cycle,Slipper pair flip cycle,153.8,0.8,/workspace/tr1/results/boundary/error_audit/media/recording_000220_false_mid_segment_t153.0.mp4,/workspace/tr1/results/boundary/error_audit/media/recording_000220_false_mid_segment_t153.0_contact_sheet.png,/workspace/tr1/results/boundary/error_audit/media/recording_000220_false_mid_segment_t153.0_score_plot.png,model_motion_semantic_confusion,internal_subaction,no,"The predictions and the GT split an internal flip within one continuous slipper-pair flip cycle. Under cycle-level granularity, the later cycle completion should be retained instead.",misaligned,spurious_model_boundary,none at 153.0; retain ~155.8 cycle completion,correct_but_oversegmented,flip,flip to opposite side; flip back,slippers,gt_and_pred_spurious_internal_cycle_phase,boundary_motion_hard_negative,high
recording_000102_false_mid_segment_t484.0,recording_000102,false_mid_segment,490,484,0.645,,,,fold and unfold tissue,fold and unfold tissue,Fold and crease paper edge,490,6,/workspace/tr1/results/boundary/error_audit/media/recording_000102_false_mid_segment_t484.0.mp4,/workspace/tr1/results/boundary/error_audit/media/recording_000102_false_mid_segment_t484.0_contact_sheet.png,/workspace/tr1/results/boundary/error_audit/media/recording_000102_false_mid_segment_t484.0_score_plot.png,model_motion_semantic_confusion,repetitive_motion,no,"The video shows a continuous small circular wiping motion with no visible semantic transition around the predicted boundaries. Multiple predictions are produced throughout the segment, likely due to sensitivity to repetitive motion patterns rather than true action changes. The annotation label may not fully describe the observed motion.",incorrect,spurious_model_boundary,none,incorrect,wipe,press; move in small circles,tissue / paper sheet,pred_spurious_within_repetitive_motion,boundary_motion_hard_negative,high
recording_000196_false_mid_segment_t243.0,recording_000196,false_mid_segment,227.8,243,0.625,,,,Repackage portable charger and close box,Inspect portable charger,"Unbox, inspect, and repackage portable charger (second unit)",227.8,15.2,/workspace/tr1/results/boundary/error_audit/media/recording_000196_false_mid_segment_t243.0.mp4,/workspace/tr1/results/boundary/error_audit/media/recording_000196_false_mid_segment_t243.0_contact_sheet.png,/workspace/tr1/results/boundary/error_audit/media/recording_000196_false_mid_segment_t243.0_score_plot.png,annotation_error,missing_boundary,yes,The prediction marks finishing the first charger cycle and beginning the second-unit unboxing/inspection cycle. The annotation fails to provide a GT boundary at this object-instance transition.,incorrect,valid_unannotated_boundary,243.0,partially_correct,unbox,finish repacking first unit; pick up second unit; inspect,second portable charger,pred_valid_gt_missing_at_object_instance_change,boundary_positive,high
recording_000150_false_mid_segment_t498.5,recording_000150,false_mid_segment,500,498.5,0.47,,,,Inspect both sides of remote control,Inspect both sides of remote control,Inspect both sides of remote control,500,1.5,/workspace/tr1/results/boundary/error_audit/media/recording_000150_false_mid_segment_t498.5.mp4,/workspace/tr1/results/boundary/error_audit/media/recording_000150_false_mid_segment_t498.5_contact_sheet.png,/workspace/tr1/results/boundary/error_audit/media/recording_000150_false_mid_segment_t498.5_score_plot.png,annotation_error,missing_boundary,yes,"The clip contains two visually distinct flip transitions: the remote is first flipped from the button side to the back side around 498.0–498.5 s, and later flipped back to the button side around 500.4–500.9 s. The prediction at 498.5 s correctly identifies the first transition, but no GT boundary is provided for it, indicating a missing annotated boundary. The GT at 500.0 s is broadly associated with the later flip but occurs near its preparation/onset. The additional prediction around 499.5 s falls within the intervening stable back-side-up state and does not represent the second true transition.",supported,valid_unannotated_boundary,498.0–498.5; 500.4–500.9,correct_but_coarse,flip,inspect front; inspect back,remote control,pred_matches_first_unannotated_flip_gt_matches_later_flip,boundary_positive,high
recording_000112_false_mid_segment_t429.0,recording_000112,false_mid_segment,433.8,429,0.581,,,,Wipe wet surfaces with squeegee,Wet counter and wall with water,Scrape water from counter corner,433.8,4.8,/workspace/tr1/results/boundary/error_audit/media/recording_000112_false_mid_segment_t429.0.mp4,/workspace/tr1/results/boundary/error_audit/media/recording_000112_false_mid_segment_t429.0_contact_sheet.png,/workspace/tr1/results/boundary/error_audit/media/recording_000112_false_mid_segment_t429.0_score_plot.png,model_motion_semantic_confusion,repetitive_motion,no,"The video shows one continuous squeegee-wiping action with no semantic transition around 429 s. The model produces multiple peaks as the squeegee changes direction and moves across different parts of the sink surface, indicating sensitivity to repeated wiping strokes rather than true action boundaries. The containing label ""Wipe wet surfaces with squeegee"" is consistent with the observed action.",supported,spurious_model_boundary,none,correct,wipe,change stroke direction; continue squeegeeing,countertop / sink surface,pred_spurious_within_repetitive_motion,boundary_motion_hard_negative,high
recording_000176_false_mid_segment_t90.5,recording_000176,false_mid_segment,92.5,90.5,0.645,,,,Install sink strainer,Rinse sink strainer,Remove sink strainer,92.5,2,/workspace/tr1/results/boundary/error_audit/media/recording_000176_false_mid_segment_t90.5.mp4,/workspace/tr1/results/boundary/error_audit/media/recording_000176_false_mid_segment_t90.5_contact_sheet.png,/workspace/tr1/results/boundary/error_audit/media/recording_000176_false_mid_segment_t90.5_score_plot.png,annotation_error,missing_boundary,yes,"The prediction marks removing the sink strainer, while the later GT marks reaching toward the faucet. The first transition is valid but unannotated, and the Remove label is assigned too late.",misaligned,valid_unannotated_boundary,90.5; 92.5,partially_correct,remove,reach faucet; begin rinsing,sink strainer,pred_valid_missing_first_boundary_gt_marks_second_transition,boundary_positive,high
recording_000188_false_gap_t456.0,recording_000188,false_gap,455.3,456,0.546,,,,,Unbox and inspect first packaged portable charger,Inspect first portable charger,455.3,0.7,/workspace/tr1/results/boundary/error_audit/media/recording_000188_false_gap_t456.0.mp4,/workspace/tr1/results/boundary/error_audit/media/recording_000188_false_gap_t456.0_contact_sheet.png,/workspace/tr1/results/boundary/error_audit/media/recording_000188_false_gap_t456.0_score_plot.png,annotation_error,missing_boundary,yes,"The prediction marks putting down the first charger and picking up the second charger for a new inspection cycle. This valid object-instance transition is unrepresented, and the next label incorrectly still refers to the first charger.",incorrect,valid_unannotated_boundary,455.0; 456.0,incorrect,inspect,put down first charger; pick up second charger,second portable charger,pred_valid_gt_missing_and_object_ordinal_wrong,naming_hard_negative,high
recording_000080_false_gap_t169.0,recording_000080,false_gap,169.7,169,0.648,,,,,Wipe table and discard used tissue,Wipe table and discard used tissue,169.7,0.7,/workspace/tr1/results/boundary/error_audit/media/recording_000080_false_gap_t169.0.mp4,/workspace/tr1/results/boundary/error_audit/media/recording_000080_false_gap_t169.0_contact_sheet.png,/workspace/tr1/results/boundary/error_audit/media/recording_000080_false_gap_t169.0_score_plot.png,ontology_granularity_mismatch,post_action_state_transition,yes,"The prediction occurs inside an unlabeled gap between segments. Visual inspection suggests that the model responds to a post-action state transition, where the hand releases the used tissue and leaves the workspace after completing the previous action. This is a meaningful visual change but does not correspond to a new annotated action boundary, indicating a mismatch between visual transitions and annotation granularity.",supported,spurious_model_boundary,none at 169.0 under action-level granularity,correct_but_coarse,wipe,discard; release; withdraw; idle,used tissue,pred_marks_post_action_idle_not_new_action,boundary_motion_hard_negative,high
recording_000110_false_gap_t178.5,recording_000110,false_gap,182.1,178.5,0.525,,,,,Wet countertop surface with water,Wipe sink right rim,182.1,3.6,/workspace/tr1/results/boundary/error_audit/media/recording_000110_false_gap_t178.5.mp4,/workspace/tr1/results/boundary/error_audit/media/recording_000110_false_gap_t178.5_contact_sheet.png,/workspace/tr1/results/boundary/error_audit/media/recording_000110_false_gap_t178.5_score_plot.png,model_motion_semantic_confusion,internal_subaction,yes,"The video shows a continuous wiping action on the wet sink surface. The predicted boundary occurs when the wiping direction changes, producing a noticeable motion pattern shift, but this does not correspond to a semantic action transition. The prediction reflects sensitivity to internal motion variation rather than a true segment boundary.",supported,spurious_model_boundary,none,correct,wipe,change direction,countertop / sink surface,pred_marks_motion_direction_change_not_action_boundary,boundary_motion_hard_negative,high
recording_000030_false_gap_t556.0,recording_000030,false_gap,555,556,0.927,,,,,Reposition water bottle on table,Reposition water bottle on table,555,1,/workspace/tr1/results/boundary/error_audit/media/recording_000030_false_gap_t556.0.mp4,/workspace/tr1/results/boundary/error_audit/media/recording_000030_false_gap_t556.0_contact_sheet.png,/workspace/tr1/results/boundary/error_audit/media/recording_000030_false_gap_t556.0_score_plot.png,ontology_granularity_mismatch,same_action_cycle_boundary,yes,"Peak occurs in an unlabeled gap between two identical ""Reposition water bottle on table"" segments.",weakly_supported,valid_unannotated_boundary,556.0,correct_but_coarse,release,place; withdraw hands; regrasp,water bottle,pred_valid_fine_cycle_boundary_in_unlabeled_gap,boundary_positive,high
recording_000213_false_gap_t242.5,recording_000213,false_gap,239.8,242.5,0.504,,,,,Rinse and seat sink strainer,Clean and replace sink drain strainer,239.8,2.7,/workspace/tr1/results/boundary/error_audit/media/recording_000213_false_gap_t242.5.mp4,/workspace/tr1/results/boundary/error_audit/media/recording_000213_false_gap_t242.5_contact_sheet.png,/workspace/tr1/results/boundary/error_audit/media/recording_000213_false_gap_t242.5_score_plot.png,ontology_granularity_mismatch,extra_fine_grained_transition,yes,The earlier transition concerns removing the strainer; the prediction at 242.5 s marks moving the removed strainer toward the faucet and entering the rinsing phase. The coarse labels do not distinguish these phases.,weakly_supported,valid_unannotated_boundary,239.8–240.5; 242.5,correct_but_coarse,rinse,remove; reach faucet,sink strainer,pred_valid_second_transition_missing_from_coarse_gt,boundary_positive,high
recording_000105_false_gap_t505.5,recording_000105,false_gap,535.6,505.5,0.564,,,,,Crumple and discard a tissue,Discard folded tissue,535.6,30.1,/workspace/tr1/results/boundary/error_audit/media/recording_000105_false_gap_t505.5.mp4,/workspace/tr1/results/boundary/error_audit/media/recording_000105_false_gap_t505.5_contact_sheet.png,/workspace/tr1/results/boundary/error_audit/media/recording_000105_false_gap_t505.5_score_plot.png,model_motion_semantic_confusion,repetitive_motion,no,"The clip shows one continuous action in which both hands press the tissue against the table while making large circular motions. No semantic transition is visible around the prediction. Multiple peaks are generated throughout the periodic motion, indicating repetitive-motion sensitivity rather than a valid action boundary. The absence of a local GT boundary is visually supported.",incorrect,spurious_model_boundary,none,incorrect,wipe,press; make large circles,tissue / paper sheet,pred_spurious_within_repetitive_motion,boundary_motion_hard_negative,high
recording_000105_false_gap_t501.5,recording_000105,false_gap,535.6,501.5,0.662,,,,,Crumple and discard a tissue,Discard folded tissue,535.6,34.1,/workspace/tr1/results/boundary/error_audit/media/recording_000105_false_gap_t501.5.mp4,/workspace/tr1/results/boundary/error_audit/media/recording_000105_false_gap_t501.5_contact_sheet.png,/workspace/tr1/results/boundary/error_audit/media/recording_000105_false_gap_t501.5_score_plot.png,model_motion_semantic_confusion,repetitive_motion,no,"The clip shows one continuous action in which both hands press the tissue against the table while making large circular motions. No semantic transition is visible around the prediction. Multiple peaks are generated throughout the periodic motion, indicating repetitive-motion sensitivity rather than a valid action boundary. The absence of a local GT boundary is visually supported.",incorrect,spurious_model_boundary,none,incorrect,wipe,press; make large circles,tissue / paper sheet,pred_spurious_within_repetitive_motion,boundary_motion_hard_negative,high
recording_000134_false_gap_t528.0,recording_000134,false_gap,526,528,0.603,,,,,Fold fourth paper sheet,Fold one tissue sheet and stack it,526,2,/workspace/tr1/results/boundary/error_audit/media/recording_000134_false_gap_t528.0.mp4,/workspace/tr1/results/boundary/error_audit/media/recording_000134_false_gap_t528.0_contact_sheet.png,/workspace/tr1/results/boundary/error_audit/media/recording_000134_false_gap_t528.0_score_plot.png,annotation_ambiguity,multiple_valid_boundaries,yes,"The GT marks the onset of reaching toward the next tissue, while the prediction marks actual contact and pickup after a brief hand hover. Both timestamps are visually defensible definitions of the transition into the next tissue-folding cycle. The offset therefore reflects multiple valid boundary conventions rather than a clear model localization error.",supported,ambiguous_boundary_window,526.0–528.0,partially_correct,retrieve,reach; hover; grasp; prepare to fold,tissue / paper sheet,gt_pred_bracket_reach_to_grasp,naming_soft_positive,high
recording_000220_early_t143.8,recording_000220,early,143.8,143.5,0.577,-0.3,,Slipper pair flip cycle,,,,,,/workspace/tr1/results/boundary/error_audit/media/recording_000220_early_t143.8.mp4,/workspace/tr1/results/boundary/error_audit/media/recording_000220_early_t143.8_contact_sheet.png,/workspace/tr1/results/boundary/error_audit/media/recording_000220_early_t143.8_score_plot.png,annotation_error,spurious_boundary,no,"Provisionally treated as an internal split within one slipper-pair flip cycle. The available media reviewed in the conversation corresponded to a nearby event rather than this exact row, so this judgment requires confirmation.",misaligned,spurious_gt_boundary,none,correct_but_oversegmented,flip,adjust orientation,slippers,gt_boundary_inside_continuous_flip_cycle,boundary_motion_hard_negative,high
recording_000102_early_t164.0,recording_000102,early,164,163.5,0.685,-0.5,Fold and crease sheet edge,Fold and crease sheet edge,,,,,,/workspace/tr1/results/boundary/error_audit/media/recording_000102_early_t164.0.mp4,/workspace/tr1/results/boundary/error_audit/media/recording_000102_early_t164.0_contact_sheet.png,/workspace/tr1/results/boundary/error_audit/media/recording_000102_early_t164.0_score_plot.png,model_motion_semantic_confusion,repetitive_motion,no,"The video shows one continuous action: both hands press the tissue against the table while making large back-and-forth wiping motions. No semantic transition is visible around 164 s. The score curve forms separate peaks around successive phases or direction changes of the repetitive motion, causing false boundary predictions. The annotation label ""Fold and crease sheet edge"" is also inconsistent with the observed action.",incorrect,spurious_model_boundary,none,incorrect,wipe,press; large back-and-forth strokes,tissue / paper sheet,gt_and_pred_spurious_within_repetitive_motion,boundary_motion_hard_negative,high
recording_000080_early_t478.5,recording_000080,early,478.5,478,0.829,-0.5,,Wipe table with paper towel and discard used towel,,,,,,/workspace/tr1/results/boundary/error_audit/media/recording_000080_early_t478.5.mp4,/workspace/tr1/results/boundary/error_audit/media/recording_000080_early_t478.5_contact_sheet.png,/workspace/tr1/results/boundary/error_audit/media/recording_000080_early_t478.5_score_plot.png,annotation_ambiguity,multiple_valid_boundaries,yes,"The clip contains two consecutive transitions: discarding the used paper towel and retrieving a new towel. For the discard transition, the prediction occurs after the GT but aligns with the actual release moment, while the GT may correspond to an earlier preparation stage (hand positioned above the bin). For the subsequent towel retrieval transition, the predicted boundary appears more semantically aligned than the GT, which may be annotated prematurely before the actual grasp. This case suggests temporal ambiguity and possible annotation offset rather than a clear model localization failure.",incorrect,ambiguous_boundary_window,478.0 (discard release); ~479.5 (second-towel grasp),incorrect,discard,hover over bin; release; retrieve second towel,paper towel / tissue,gt_and_pred_pairs_mix_two_adjacent_transitions,naming_hard_negative,medium
recording_000037_early_t156.0,recording_000037,early,156,155.5,0.463,-0.5,Rinse mug under running water,,,,,,,/workspace/tr1/results/boundary/error_audit/media/recording_000037_early_t156.0.mp4,/workspace/tr1/results/boundary/error_audit/media/recording_000037_early_t156.0_contact_sheet.png,/workspace/tr1/results/boundary/error_audit/media/recording_000037_early_t156.0_score_plot.png,ontology_granularity_mismatch,extra_fine_grained_transition,yes,"The clip appears to contain multiple fine-grained phases: rinsing the mug under running water followed by turning off the water and continuing the rinse motion. The model responds to the earlier state transition before the annotated boundary, suggesting it captures a finer-grained temporal change that is not explicitly represented in the annotation. This reflects a mismatch between model-discovered temporal structure and dataset granularity rather than a simple early localization error.",weakly_supported,valid_unannotated_boundary,155.5–156.0; additional ~157.5,correct_but_coarse,rinse,turn off faucet; continue rinsing,mug,multiple_fine_phases_under_one_rinse_label,boundary_positive,high
recording_000061_early_t167.3,recording_000061,early,167.3,167,0.558,-0.3,Extract tissue from pack,Wipe table surface with tissue,,,,,,/workspace/tr1/results/boundary/error_audit/media/recording_000061_early_t167.3.mp4,/workspace/tr1/results/boundary/error_audit/media/recording_000061_early_t167.3_contact_sheet.png,/workspace/tr1/results/boundary/error_audit/media/recording_000061_early_t167.3_score_plot.png,true_positive,none,yes,Prediction is within acceptable temporal tolerance of the annotated boundary. The model correctly detects the transition from extracting the tissue to wiping the table surface. The 0.3 s early shift likely reflects the difference between transition onset and the annotated action boundary rather than a localization error.,supported,correct_acceptable_offset,167–167.3,correct,wipe,extract tissue,table surface / tissue,gt_pred_same_acceptable_offset,boundary_positive,high
recording_000080_early_t113.0,recording_000080,early,113,112.5,0.584,-0.5,,Wipe table and dispose of used tissue,,,,,,/workspace/tr1/results/boundary/error_audit/media/recording_000080_early_t113.0.mp4,/workspace/tr1/results/boundary/error_audit/media/recording_000080_early_t113.0_contact_sheet.png,/workspace/tr1/results/boundary/error_audit/media/recording_000080_early_t113.0_score_plot.png,annotation_error,incorrect_label,yes,"The temporal prediction is close to the annotated boundary, but the semantic label appears inconsistent with the observed action sequence. The clip shows disposal of the used towel followed by retrieving a second towel, whereas the annotation describes ""Wipe table and dispose of used tissue"". This indicates a label mismatch rather than a temporal localization error.",incorrect,valid_boundary_label_incorrect,112.5–113.0,incorrect,retrieve,discard used towel; pick up second towel,second paper towel / tissue,boundary_timing_valid_label_wrong,naming_hard_negative,high
recording_000022_early_t336.9,recording_000022,early,336.9,336.5,0.834,-0.4,Scrub interior of the mug,Rinse mug under running water,,,,,,/workspace/tr1/results/boundary/error_audit/media/recording_000022_early_t336.9.mp4,/workspace/tr1/results/boundary/error_audit/media/recording_000022_early_t336.9_contact_sheet.png,/workspace/tr1/results/boundary/error_audit/media/recording_000022_early_t336.9_score_plot.png,annotation_ambiguity,gradual_transition,yes,The transition from scrubbing to rinsing occurs gradually as the mug is moved towards the running water. The predicted boundary is only 0.4 s earlier than the annotated timestamp and remains visually plausible. No unique semantic transition frame can be identified.,supported,ambiguous_boundary_window,336.5–336.9,correct,rinse,finish scrubbing,mug,gt_pred_multiple_valid_conventions,naming_soft_positive,high
recording_000220_early_t137.8,recording_000220,early,137.8,137.5,0.583,-0.3,,Slipper pair flip cycle,,,,,,/workspace/tr1/results/boundary/error_audit/media/recording_000220_early_t137.8.mp4,/workspace/tr1/results/boundary/error_audit/media/recording_000220_early_t137.8_contact_sheet.png,/workspace/tr1/results/boundary/error_audit/media/recording_000220_early_t137.8_score_plot.png,annotation_error,spurious_boundary,no,The GT and prediction split an internal stage of one continuous slipper-pair flip cycle rather than marking a new action.,misaligned,spurious_gt_boundary,none at 137.8 under cycle-level granularity,correct_but_oversegmented,flip,flip to opposite side; flip back,slippers,gt_and_pred_spurious_internal_cycle_phase,boundary_motion_hard_negative,high
recording_000086_duplicate_t530.5,recording_000086,duplicate,530,530.5,0.772,,,,Fold a disposable mask,Fold a disposable mask,Fold a disposable mask,530,0.5,/workspace/tr1/results/boundary/error_audit/media/recording_000086_duplicate_t530.5.mp4,/workspace/tr1/results/boundary/error_audit/media/recording_000086_duplicate_t530.5_contact_sheet.png,/workspace/tr1/results/boundary/error_audit/media/recording_000086_duplicate_t530.5_score_plot.png,annotation_error,incorrect_label,yes,"The annotation label appears inconsistent with the observed video content. The video does not show folding a disposable mask. Two incidents are observed: the first likely corresponds to a camera viewpoint change without semantic action transition, while the later response may correspond to the onset of a different object interaction. The duplicate prediction is likely influenced by visual changes unrelated to the annotated action.",incorrect,valid_boundary_label_incorrect,530.5,incorrect,retrieve,camera sweep; begin object interaction,tissue / paper sheet,boundary_valid_but_gt_label_wrong_and_earlier_camera_confound,naming_hard_negative,high
recording_000150_duplicate_t234.5,recording_000150,duplicate,234,234.5,0.55,,,,Flip black rectangular object to opposite side,Flip black rectangular object to opposite side,Flip black rectangular object to opposite side,234,0.5,/workspace/tr1/results/boundary/error_audit/media/recording_000150_duplicate_t234.5.mp4,/workspace/tr1/results/boundary/error_audit/media/recording_000150_duplicate_t234.5_contact_sheet.png,/workspace/tr1/results/boundary/error_audit/media/recording_000150_duplicate_t234.5_score_plot.png,annotation_error,spurious_boundary,yes,"The clip contains two visually supported flip transitions, approximately around 232.5 s and 236.0 s, separated by a prolonged period in which the object is held with its back side facing upward. The four GT edges over-segment this sequence, and the GT at 234.0 s falls within the stable holding period rather than at a visible transition. The predictions at 233.5 s and 234.5 s also occur during this holding period, so they are not two valid boundaries or a duplicate response to one valid boundary. This case reflects spurious annotation boundaries together with model responses during a non-transition state.",incorrect,spurious_gt_boundary,232.5; 236.0,correct_but_oversegmented,flip,hold; inspect,remote control,gt_and_pred_spurious_in_stable_state_between_true_flips,boundary_motion_hard_negative,high
recording_000213_duplicate_t230.5,recording_000213,duplicate,230,230.5,0.688,,,,Rinse and seat sink strainer,Rinse and seat sink strainer,Clean and replace sink drain strainer,230,0.5,/workspace/tr1/results/boundary/error_audit/media/recording_000213_duplicate_t230.5.mp4,/workspace/tr1/results/boundary/error_audit/media/recording_000213_duplicate_t230.5_contact_sheet.png,/workspace/tr1/results/boundary/error_audit/media/recording_000213_duplicate_t230.5_score_plot.png,ontology_granularity_mismatch,extra_fine_grained_transition,yes,"The earlier prediction corresponds to removing the strainer, and the 230.5 s prediction corresponds to reaching toward the faucet to begin rinsing. The second response is a distinct fine-grained transition rather than a duplicate.",weakly_supported,valid_unannotated_boundary,229.5; 230.5,correct_but_coarse,rinse,remove; reach faucet,sink strainer,two_distinct_transitions_not_duplicate,boundary_positive,high
recording_000037_duplicate_t408.5,recording_000037,duplicate,408,408.5,0.628,,,,Post-scrub mug rinse,Scrub mug interior,Second rinse of mug under running water,408,0.5,/workspace/tr1/results/boundary/error_audit/media/recording_000037_duplicate_t408.5.mp4,/workspace/tr1/results/boundary/error_audit/media/recording_000037_duplicate_t408.5_contact_sheet.png,/workspace/tr1/results/boundary/error_audit/media/recording_000037_duplicate_t408.5_score_plot.png,model_localization_error,duplicate_peak,yes,"The visual transition is correctly identified, but the boundary score remains elevated across adjacent timestamps, resulting in duplicate peak selection. This indicates insufficient local peak suppression/temporal separation rather than a semantic detection failure.",supported,duplicate_response_near_valid_boundary,408,correct,rinse,finish scrubbing,mug,pred_duplicate_of_valid_boundary,exclude_until_corrected,medium
recording_000102_duplicate_t164.5,recording_000102,duplicate,164,164.5,0.594,,,,Fold and crease sheet edge,Fold and crease sheet edge,Fold and crease sheet edge,164,0.5,/workspace/tr1/results/boundary/error_audit/media/recording_000102_duplicate_t164.5.mp4,/workspace/tr1/results/boundary/error_audit/media/recording_000102_duplicate_t164.5_contact_sheet.png,/workspace/tr1/results/boundary/error_audit/media/recording_000102_duplicate_t164.5_score_plot.png,annotation_error,incorrect_label,yes,"The annotated label does not match the observed action. The video shows two different wiping motions (large circular motion followed by small circular motion) with both hands pressing the tissue on the table, rather than folding or creasing a sheet edge. The duplicate predictions likely correspond to real temporal changes between motion patterns, while the annotation appears semantically incorrect.",incorrect,valid_boundary_label_incorrect,164.0–164.5,incorrect,wipe,change from large circles to small circles,tissue / paper sheet,pred_matches_real_motion_regime_boundary_label_wrong,naming_hard_negative,high
recording_000031_duplicate_t483.0,recording_000031,duplicate,482.5,483,0.495,,,,Fold side edges and adjust straps and power cord,Lay the electric heat cap flat on the table,Fold the top portion of the heat cap downward,482.5,0.5,/workspace/tr1/results/boundary/error_audit/media/recording_000031_duplicate_t483.0.mp4,/workspace/tr1/results/boundary/error_audit/media/recording_000031_duplicate_t483.0_contact_sheet.png,/workspace/tr1/results/boundary/error_audit/media/recording_000031_duplicate_t483.0_score_plot.png,model_localization_error,duplicate_peak,yes,"The model produces multiple nearby boundary responses around the annotated transition. The peak at 483.0 s is temporally close to the GT boundary and corresponds to the same semantic transition, but additional nearby peaks indicate duplicate triggering rather than a distinct boundary. This is likely a decoding/local temporal smoothness issue.",supported,duplicate_response_near_valid_boundary,482.5,correct,fold,lay flat; adjust straps and cord,electric heat cap,pred_duplicate_of_valid_boundary,exclude_until_corrected,medium
recording_000102_duplicate_t471.5,recording_000102,duplicate,471,471.5,0.453,,,,fold and unfold tissue,fold and unfold tissue,fold and unfold tissue,471,0.5,/workspace/tr1/results/boundary/error_audit/media/recording_000102_duplicate_t471.5.mp4,/workspace/tr1/results/boundary/error_audit/media/recording_000102_duplicate_t471.5_contact_sheet.png,/workspace/tr1/results/boundary/error_audit/media/recording_000102_duplicate_t471.5_score_plot.png,model_motion_semantic_confusion,repetitive_motion,no,"The video shows one continuous action: both hands press the tissue against the table while making repeated small circular motions. No semantic action transition is visible around 471 s. The score curve produces several shallow local peaks throughout the repetitive motion, leading to repeated boundary predictions. This indicates motion–semantic confusion caused by periodic movement rather than a duplicate response to a real boundary. The annotation label ""fold and unfold tissue"" is also inconsistent with the observed action.",incorrect,spurious_model_boundary,none,incorrect,wipe,press; move in small circles,tissue / paper sheet,repeated_predictions_within_one_continuous_action,boundary_motion_hard_negative,high
recording_000037_duplicate_t12.5,recording_000037,duplicate,12,12.5,0.807,,,,Scrub mug interior with fingers,Rinse mug interior,Rinse entire mug and set down,12,0.5,/workspace/tr1/results/boundary/error_audit/media/recording_000037_duplicate_t12.5.mp4,/workspace/tr1/results/boundary/error_audit/media/recording_000037_duplicate_t12.5_contact_sheet.png,/workspace/tr1/results/boundary/error_audit/media/recording_000037_duplicate_t12.5_score_plot.png,model_localization_error,duplicate_peak,yes,"The visual transition is correctly identified, but the boundary score remains elevated across adjacent timestamps, resulting in duplicate peak selection. This indicates insufficient local peak suppression/temporal separation rather than a semantic detection failure.",supported,duplicate_response_near_valid_boundary,12,correct,rinse,finish scrubbing; set down,mug,pred_duplicate_of_valid_boundary,exclude_until_corrected,medium
