candidate_key,recording_id,candidate_time_s,temporal_event_type,true_boundary_start_s,true_boundary_end_s,timing_error_s_candidate_minus_truth,boundary_timing_judgment_at_1s,within_1s_tolerance,interaction_relation,left_segment_naming_support,right_segment_naming_support,audit_note,qc_flag
4/117,4,117.0,task_boundary,117.0,117.0,0.0,hit,yes,new_action,no,yes,,
4/449.3,4,449.3,task_boundary,450.1,450.1,-0.8,hit,yes,new_action,yes,yes,source/destination role reversal,
4/581,4,581.0,task_boundary,581.8,581.8,-0.8,hit,yes,new_action,yes,no,same stored label but real role reversal,
10/77,10,77.0,no_boundary,,,,no_boundary,n/a,not_applicable_no_action,no,no,,
10/420,10,420.0,no_boundary,,,,no_boundary,n/a,not_applicable_no_action,no,no,,
12/53.5,12,53.5,initial_action_start,53.5,53.5,0.0,hit,yes,initial_action_start,partial,no,,
12/170.5,12,170.5,task_boundary,170.5,170.5,0.0,hit,yes,new_action,yes,yes,,
12/245,12,245.0,no_boundary,,,,no_boundary,n/a,terminal_action_end,yes,no,candidate sits after completion/idle; no new task episode,
12/381,12,381.0,no_boundary,,,,no_boundary,n/a,terminal_action_end,yes,no,candidate sits after completion/idle; no new task episode,
12/389,12,389.0,task_boundary,389.0,391.0,0.0,hit_interval,yes,new_action,yes,yes,human truth is an interval,
12/390,12,390.0,task_boundary,390.0,390.0,0.0,hit,yes,new_action,yes,yes,,
14/3,14,3.0,initial_action_start,3.3,3.3,-0.3,hit,yes,initial_action_start,uncertain,yes,,
14/237,14,237.0,task_boundary,238.0,238.0,-1.0,hit,yes,new_action,yes,yes,,
14/427,14,427.0,task_boundary,427.0,427.0,0.0,hit,yes,new_action,yes,yes,,
14/433,14,433.0,task_boundary,433.0,433.0,0.0,hit,yes,new_action,yes,yes,,
14/514.3,14,514.3,task_boundary,515.3,515.3,-1.0,hit,yes,new_action,yes,yes,,
15/426.5,15,426.5,no_boundary,,,,no_boundary,n/a,same_instance,no,no,continuous umbrella organizing,
16/272,16,272.0,task_boundary,274.2,274.2,-2.2,early,no,new_action,no,partial,,
16/290,16,290.0,no_boundary,,,,no_boundary,n/a,same_instance,no,yes,continuous umbrella organizing,
16/500,16,500.0,no_boundary,,,,no_boundary,n/a,same_instance,no,yes,continuous umbrella organizing,
16/600,16,600.0,no_boundary,,,,no_boundary,n/a,same_instance,yes,no,continuous umbrella organizing,
18/66,18,66.0,task_boundary,67.5,67.5,-1.5,early,no,new_action,no,yes,,
18/293,18,293.0,task_boundary,295.0,295.0,-2.0,early,no,new_action,yes,yes,,
18/489,18,489.0,task_boundary,492.0,492.0,-3.0,early,no,new_action,no,partial,,
18/552,18,552.0,task_boundary,554.0,554.0,-2.0,early,no,new_action,partial,yes,,
21/53,21,53.0,no_boundary,,,,no_boundary,n/a,terminal_action_end,no,no,,
21/103,21,103.0,task_boundary,106.0,106.0,-3.0,early,no,same_action_new_instance,yes,yes,,
21/391,21,391.0,task_boundary,391.0,391.0,0.0,hit,yes,new_action,yes,no,right qualifier contradicts described running-water context,
21/591.2,21,591.2,task_boundary,592.7,592.7,-1.5,early,no,new_action,partial,no,post-side wash not visible in described exact clip,
32/89,32,89.0,task_boundary,89.0,89.0,0.0,hit,yes,new_action,yes,yes,,
32/135,32,135.0,no_boundary,,,,no_boundary,n/a,same_instance,no,uncertain,continuous umbrella organizing,
32/190,32,190.0,task_boundary,191.5,193.0,-1.5,early,no,new_action,uncertain,no,human truth is an interval,
34/54,34,54.0,task_boundary,55.0,55.0,-1.0,hit,yes,new_action,yes,yes,,
34/111,34,111.0,task_boundary,111.0,111.0,0.0,hit,yes,new_action,yes,yes,,
34/216,34,216.0,task_boundary,215.2,215.2,0.8,hit,yes,new_action,yes,no,,
36/52,36,52.0,no_boundary,,,,no_boundary,n/a,terminal_action_end,no,no,,
36/56,36,56.0,initial_action_start,56.0,56.0,0.0,hit,yes,initial_action_start,uncertain,partial,full preceding action not visible,
36/152.9,36,152.9,task_boundary,156.0,156.0,-3.1,early,no,same_action_new_instance,partial,partial,full action not visible,
36/441.6,36,441.6,initial_action_start,440.8,440.8,0.8,hit,yes,initial_action_start,no,partial,,
38/49.5,38,49.5,task_boundary,49.5,49.5,0.0,hit,yes,new_action,yes,yes,,
38/244,38,244.0,initial_action_start,243.2,243.2,0.8,hit,yes,initial_action_start,uncertain,no,described object is bowl while right label says cup,
38/301,38,301.0,initial_action_start,301.0,301.0,0.0,hit,yes,initial_action_start,uncertain,yes,,
38/481.5,38,481.5,no_boundary,,,,no_boundary,n/a,cannot_determine,uncertain,yes,hand action near image edge; no true boundary per human,
38/534,38,534.0,task_boundary,535.0,535.0,-1.0,hit,yes,new_action,yes,yes,,
39/271.5,39,271.5,task_boundary,271.5,271.5,0.0,hit,yes,new_action,yes,no,,
39/290.5,39,290.5,task_boundary,290.0,290.0,0.5,hit,yes,same_action_new_instance,uncertain,partial,,
39/377,39,377.0,task_boundary,378.5,378.5,-1.5,early,no,new_action,no,yes,,
39/511,39,511.0,task_boundary,510.5,510.5,0.5,hit,yes,new_action,partial,yes,,
40/269,40,269.0,task_boundary,272.0,272.0,-3.0,early,no,new_action,partial,uncertain,next action not described,
41/250.6,41,250.6,no_boundary,,,,no_boundary,n/a,same_instance,no,no,,
41/257.8,41,257.8,no_boundary,,,,no_boundary,n/a,same_instance,no,no,,
41/291,41,291.0,no_boundary,,,,no_boundary,n/a,same_instance,no,no,,
43/150.3,43,150.3,no_boundary,,,,no_boundary,n/a,not_applicable_no_action,no,no,,
43/365,43,365.0,no_boundary,,,,no_boundary,n/a,not_applicable_no_action,no,no,only ~1s table wiping visible,
43/406,43,406.0,task_boundary,406.0,406.0,0.0,hit,yes,new_action,no,no,,
44/262,44,262.0,no_boundary,,,,no_boundary,n/a,not_applicable_no_action,no,no,,
44/511,44,511.0,task_boundary,510.2,510.2,0.8,hit,yes,same_action_new_instance,no,yes,,
45/12,45,12.0,task_boundary,12.0,12.0,0.0,hit,yes,same_action_new_instance,uncertain,yes,,
45/61.4,45,61.4,task_boundary,62.0,62.0,-0.6,hit,yes,same_action_new_instance,no,yes,,
45/125.5,45,125.5,task_boundary,130.0,130.0,-4.5,early,no,same_action_new_instance,no,no,,
45/249.6,45,249.6,task_boundary,250.0,250.0,-0.4,hit,yes,same_action_new_instance,no,yes,,
45/434,45,434.0,task_boundary,433.0,433.0,1.0,hit,yes,same_action_new_instance,no,no,,
45/614,45,614.0,no_boundary,,,,no_boundary,n/a,same_instance,no,uncertain,,
47/51.9,47,51.9,task_boundary,52.0,52.0,-0.1,hit,yes,same_action_new_instance,partial,yes,,
47/64,47,64.0,no_boundary,,,,no_boundary,n/a,same_instance,yes,no,,
47/479,47,479.0,no_boundary,,,,no_boundary,n/a,not_applicable_no_action,no,no,,
51/157,51,157.0,no_boundary,,,,no_boundary,n/a,same_instance,no,no,,
51/432,51,432.0,task_boundary,432.0,432.0,0.0,hit,yes,same_action_new_instance,partial,partial,,
51/517,51,517.0,no_boundary,,,,no_boundary,n/a,same_instance,yes,uncertain,,
51/599.9,51,599.9,task_boundary,603.0,603.0,-3.1,early,no,same_action_new_instance,no,partial,,
51/603.2,51,603.2,task_boundary,603.0,603.0,0.2,hit,yes,same_action_new_instance,no,partial,,
52/450,52,450.0,no_boundary,,,,no_boundary,n/a,not_applicable_no_action,no,no,,
52/465,52,465.0,no_boundary,,,,no_boundary,n/a,not_applicable_no_action,no,no,,
52/536,52,536.0,task_boundary,539.0,539.0,-3.0,early,no,terminal_action_end,no,no,visible action ends/discard occurs later than candidate,
59/35.5,59,35.5,no_boundary,,,,no_boundary,n/a,not_applicable_no_action,no,no,,
59/71,59,71.0,no_boundary,,,,no_boundary,n/a,not_applicable_no_action,no,no,,
59/228,59,228.0,no_boundary,,,,no_boundary,n/a,not_applicable_no_action,no,no,,
59/402.5,59,402.5,no_boundary,,,,no_boundary,n/a,not_applicable_no_action,no,no,,
59/514,59,514.0,initial_action_start,514.0,514.0,0.0,hit,yes,initial_action_start,no,no,,
60/12,60,12.0,initial_action_start,12.8,12.8,-0.8,hit,yes,initial_action_start,uncertain,no,,
60/87,60,87.0,no_boundary,,,,no_boundary,n/a,same_instance,yes,no,,
60/113,60,113.0,no_boundary,,,,no_boundary,n/a,terminal_action_end,yes,no,,
60/253,60,253.0,no_boundary,,,,no_boundary,n/a,same_instance,no,no,human description: small table wiping,
60/328,60,328.0,task_boundary,328.0,328.0,0.0,hit,yes,same_action_new_instance,partial,no,discard supported; crumple not described,
60/570,60,570.0,no_boundary,,,,no_boundary,n/a,same_instance,no,no,,
60/602,60,602.0,no_boundary,,,,no_boundary,n/a,same_instance,yes,partial,retrieve→fold→wipe treated as one continuous hand–tissue interaction,
60/630,60,630.0,no_boundary,,,,no_boundary,n/a,same_instance,no,no,,
62/122,62,122.0,task_boundary,123.0,123.0,-1.0,hit,yes,same_action_new_instance,no,yes,,
62/463.5,62,463.5,task_boundary,464.0,464.0,-0.5,hit,yes,same_action_new_instance,partial,no,,
62/526.5,62,526.5,no_boundary,,,,no_boundary,n/a,same_instance,partial,yes,locked granularity: retrieve→fold→wipe is one continuous action instance if no reset,
70/16,70,16.0,no_boundary,,,,no_boundary,n/a,same_instance,partial,partial,,
70/29,70,29.0,no_boundary,,,,no_boundary,n/a,not_applicable_no_action,no,no,,
70/78,70,78.0,no_boundary,,,,no_boundary,n/a,same_instance,partial,yes,,
70/185,70,185.0,initial_action_start,69.0,69.0,116.0,late,no,initial_action_start,no,no,human gave onset at 69s,large_candidate_truth_gap_verify_if_intended
76/341,76,341.0,task_boundary,340.2,340.2,0.8,hit,yes,same_action_new_instance,partial,no,,
76/472,76,472.0,no_boundary,,,,no_boundary,n/a,same_instance,no,no,,
82/64.9,82,64.9,no_boundary,,,,no_boundary,n/a,not_applicable_no_action,no,no,,
83/105,83,105.0,task_boundary,105.0,105.0,0.0,hit,yes,same_action_new_instance,no,no,,
84/157,84,157.0,no_boundary,,,,no_boundary,n/a,not_applicable_no_action,no,no,,
84/549.7,84,549.7,no_boundary,,,,no_boundary,n/a,not_applicable_no_action,no,no,,
84/587,84,587.0,no_boundary,,,,no_boundary,n/a,not_applicable_no_action,no,no,,
85/98,85,98.0,no_boundary,,,,no_boundary,n/a,same_instance,no,no,,
85/330.5,85,330.5,initial_action_start,331.0,331.0,-0.5,hit,yes,initial_action_start,no,no,,
85/509.9,85,509.9,terminal_action_end,510.0,510.0,-0.1,hit,yes,terminal_action_end,no,no,,
85/640.5,85,640.5,terminal_action_end,640.0,640.0,0.5,hit,yes,terminal_action_end,no,no,,
90/6,90,6.0,initial_action_start,7.5,7.5,-1.5,early,no,initial_action_start,uncertain,no,,
90/209,90,209.0,no_boundary,,,,no_boundary,n/a,same_instance,yes,no,,
90/518,90,518.0,terminal_action_end,518.0,518.0,0.0,hit,yes,terminal_action_end,no,no,,
90/577,90,577.0,terminal_action_end,577.0,577.0,0.0,hit,yes,terminal_action_end,no,uncertain,,
93/404,93,404.0,no_boundary,,,,no_boundary,n/a,same_instance,no,no,,
93/474,93,474.0,task_boundary,477.0,477.0,-3.0,early,no,same_action_new_instance,no,no,,
93/573,93,573.0,no_boundary,,,,no_boundary,n/a,same_instance,no,no,,
93/602,93,602.0,no_boundary,,,,no_boundary,n/a,same_instance,no,no,,
94/223,94,223.0,no_boundary,,,,no_boundary,n/a,not_applicable_no_action,no,no,,
94/271,94,271.0,no_boundary,,,,no_boundary,n/a,same_instance,no,partial,occasional large table wiping at frame edge,
95/13.5,95,13.5,no_boundary,,,,no_boundary,n/a,not_applicable_no_action,no,uncertain,,
106/184,106,184.0,no_boundary,,,,no_boundary,n/a,same_instance,no,no,,
106/245,106,245.0,no_boundary,,,,no_boundary,n/a,same_instance,no,no,,
106/280,106,280.0,no_boundary,,,,no_boundary,n/a,same_instance,no,no,,
106/558,106,558.0,no_boundary,,,,no_boundary,n/a,same_instance,no,no,,
106/587.4,106,587.4,no_boundary,,,,no_boundary,n/a,same_instance,no,no,,
106/656,106,656.0,no_boundary,,,,no_boundary,n/a,terminal_action_end,no,no,"wipe stops and hands withdraw, but human marked no task boundary",
107/94,107,94.0,no_boundary,,,,no_boundary,n/a,same_instance,no,no,,
107/291,107,291.0,no_boundary,,,,no_boundary,n/a,same_instance,no,no,,
107/474,107,474.0,no_boundary,,,,no_boundary,n/a,same_instance,no,no,,
107/534,107,534.0,no_boundary,,,,no_boundary,n/a,same_instance,no,uncertain,,
107/646,107,646.0,terminal_action_end,643.6,643.6,2.4,late,no,terminal_action_end,no,uncertain,,
109/12,109,12.0,no_boundary,,,,no_boundary,n/a,not_applicable_no_action,no,uncertain,,
111/172,111,172.0,no_boundary,,,,no_boundary,n/a,same_instance,partial,no,continuous squeegee interaction,
111/421,111,421.0,no_boundary,,,,no_boundary,n/a,same_instance,yes,no,continuous squeegee interaction,
113/29,113,29.0,no_boundary,,,,no_boundary,n/a,not_applicable_no_action,no,uncertain,,
115/321,115,321.0,no_boundary,,,,no_boundary,n/a,same_instance,partial,partial,continuous squeegee interaction,
115/376,115,376.0,no_boundary,,,,no_boundary,n/a,same_instance,partial,no,continuous squeegee interaction,
115/459,115,459.0,no_boundary,,,,no_boundary,n/a,same_instance,partial,partial,pass-number change does not create boundary,
115/490.9,115,490.9,no_boundary,,,,no_boundary,n/a,same_instance,no,partial,continuous squeegee interaction,
115/650,115,650.0,no_boundary,,,,no_boundary,n/a,same_instance,no,uncertain,continuous squeegee interaction,
123/30,123,30.0,no_boundary,,,,no_boundary,n/a,not_applicable_no_action,no,uncertain,,
124/34.2,124,34.2,no_boundary,,,,no_boundary,n/a,same_instance,partial,partial,continuous notebook open-close cycles,
124/66,124,66.0,no_boundary,,,,no_boundary,n/a,same_instance,partial,partial,continuous notebook open-close cycles,
124/129,124,129.0,no_boundary,,,,no_boundary,n/a,same_instance,partial,partial,continuous notebook open-close cycles,
124/200.5,124,200.5,no_boundary,,,,no_boundary,n/a,same_instance,yes,yes,continuous notebook open-close cycles,
124/238,124,238.0,no_boundary,,,,no_boundary,n/a,same_instance,yes,yes,continuous notebook open-close cycles,
124/508.4,124,508.4,no_boundary,,,,no_boundary,n/a,same_instance,partial,partial,cycle number change does not create boundary,
124/584.1,124,584.1,no_boundary,,,,no_boundary,n/a,same_instance,partial,yes,,
124/587,124,587.0,no_boundary,,,,no_boundary,n/a,same_instance,yes,partial,,
128/91.6,128,91.6,task_boundary,91.6,91.6,0.0,hit,yes,same_action_new_instance,yes,yes,wipe→idle→wipe,
128/147,128,147.0,no_boundary,,,,no_boundary,n/a,same_instance,yes,yes,continuous phone wiping,
128/154.5,128,154.5,terminal_action_end,155.0,155.0,-0.5,hit,yes,terminal_action_end,yes,no,,
128/165,128,165.0,no_boundary,,,,no_boundary,n/a,same_instance,yes,yes,continuous phone wiping,
128/170.5,128,170.5,terminal_action_end,170.5,170.5,0.0,hit,yes,terminal_action_end,yes,no,,
128/559,128,559.0,initial_action_start,558.0,558.0,1.0,hit,yes,initial_action_start,no,no,,
128/571.8,128,571.8,terminal_action_end,571.8,571.8,0.0,hit,yes,terminal_action_end,yes,no,corrected by user,
129/62,129,62.0,task_boundary,62.0,62.0,0.0,hit,yes,new_action,no,no,,
129/83.7,129,83.7,no_boundary,,,,no_boundary,n/a,same_instance,yes,no,,
129/92.2,129,92.2,task_boundary,92.2,92.2,0.0,hit,yes,new_action,yes,yes,insert completed then pens removed again; corrected truth time,
129/99,129,99.0,task_boundary,99.0,99.0,0.0,hit,yes,new_action,no,no,,
129/140.7,129,140.7,no_boundary,,,,no_boundary,n/a,not_applicable_no_action,no,no,,
129/358.7,129,358.7,task_boundary,358.7,358.7,0.0,hit,yes,new_action,partial,yes,,
129/489.6,129,489.6,task_boundary,489.0,489.0,0.6,hit,yes,new_action,yes,no,,
130/49,130,49.0,task_boundary,52.0,52.0,-3.0,early,no,same_action_new_instance,partial,no,,
130/269,130,269.0,no_boundary,,,,no_boundary,n/a,same_instance,no,no,,
130/290.9,130,290.9,task_boundary,291.5,291.5,-0.6,hit,yes,same_action_new_instance,partial,no,,
130/336.4,130,336.4,task_boundary,337.0,337.0,-0.6,hit,yes,same_action_new_instance,partial,no,,
130/385.8,130,385.8,initial_action_start,385.0,385.0,0.8,hit,yes,initial_action_start,no,partial,,
130/440.5,130,440.5,task_boundary,440.0,440.0,0.5,hit,yes,same_action_new_instance,partial,no,,
132/50,132,50.0,initial_action_start,50.0,50.0,0.0,hit,yes,initial_action_start,no,yes,,
142/109,142,109.0,no_boundary,,,,no_boundary,n/a,same_instance,no,no,,
142/503.1,142,503.1,no_boundary,,,,no_boundary,n/a,same_instance,yes,yes,repeated tag inspect/replace without reset boundary,
142/515.7,142,515.7,task_boundary,515.7,515.7,0.0,hit,yes,same_action_new_instance,no,yes,idle→inspect tag,
143/268.7,143,268.7,no_boundary,,,,no_boundary,n/a,same_instance,yes,yes,unfold→fold same cloth continuously,
143/525.8,143,525.8,no_boundary,,,,no_boundary,n/a,same_instance,no,yes,,
143/619,143,619.0,no_boundary,,,,no_boundary,n/a,not_applicable_no_action,no,uncertain,,
148/263,148,263.0,task_boundary,263.0,263.0,0.0,hit,yes,same_action_new_instance,partial,yes,,
148/433,148,433.0,no_boundary,,,,no_boundary,n/a,same_instance,yes,partial,fold→stack same tissue continuously,
148/439.2,148,439.2,task_boundary,440.0,440.0,-0.8,hit,yes,same_action_new_instance,partial,yes,previous tissue stacked then new tissue taken,
148/462.7,148,462.7,task_boundary,462.7,462.7,0.0,hit,yes,same_action_new_instance,partial,yes,corrected truth time,
148/530,148,530.0,task_boundary,528.5,528.5,1.5,late,no,same_action_new_instance,partial,partial,,
148/574.5,148,574.5,task_boundary,575.0,575.0,-0.5,hit,yes,same_action_new_instance,partial,partial,,
159/165,159,165.0,initial_action_start,165.0,165.0,0.0,hit,yes,initial_action_start,no,uncertain,,
159/242,159,242.0,no_boundary,,,,no_boundary,n/a,terminal_action_end,no,uncertain,,
159/371,159,371.0,initial_action_start,371.0,371.0,0.0,hit,yes,initial_action_start,no,uncertain,,
159/635,159,635.0,initial_action_start,634.2,634.2,0.8,hit,yes,initial_action_start,no,uncertain,,
162/39,162,39.0,initial_action_start,37.5,37.5,1.5,late,no,initial_action_start,no,yes,,
162/84.5,162,84.5,no_boundary,,,,no_boundary,n/a,same_instance,yes,yes,remove→rinse→replace is one continuous strainer-cleaning episode,
162/195,162,195.0,initial_action_start,192.5,192.5,2.5,late,no,initial_action_start,no,partial,,
162/408,162,408.0,no_boundary,,,,no_boundary,n/a,same_instance,partial,yes,,
162/516,162,516.0,no_boundary,,,,no_boundary,n/a,same_instance,partial,partial,,
162/554,162,554.0,task_boundary,554.0,554.0,0.0,hit,yes,same_action_new_instance,no,partial,corrected by user: replace→hands disengage→restart,
164/37.5,164,37.5,initial_action_start,37.5,37.5,0.0,hit,yes,initial_action_start,no,yes,corrected truth time,
164/93,164,93.0,initial_action_start,94.5,94.5,-1.5,early,no,initial_action_start,no,partial,,
164/255,164,255.0,no_boundary,,,,no_boundary,n/a,same_instance,no,no,,
164/385.6,164,385.6,no_boundary,,,,no_boundary,n/a,same_instance,no,yes,,
164/618,164,618.0,no_boundary,,,,no_boundary,n/a,cannot_determine,no,partial,mostly no action; brief rinse visible,
164/664,164,664.0,no_boundary,,,,no_boundary,n/a,same_instance,partial,no,,
166/109,166,109.0,no_boundary,,,,no_boundary,n/a,same_instance,no,yes,,
166/137,166,137.0,no_boundary,,,,no_boundary,n/a,same_instance,no,no,,
166/333,166,333.0,no_boundary,,,,no_boundary,n/a,same_instance,partial,partial,,
171/285,171,285.0,task_boundary,288.0,288.0,-3.0,early,no,same_action_new_instance,partial,partial,,
171/337.1,171,337.1,task_boundary,338.0,338.0,-0.9,hit,yes,same_action_new_instance,no,partial,,
171/364,171,364.0,no_boundary,,,,no_boundary,n/a,terminal_action_end,partial,partial,,
171/435.2,171,435.2,no_boundary,,,,no_boundary,n/a,terminal_action_end,no,no,replace then hands disengage; no next action,
171/492.9,171,492.9,task_boundary,492.9,492.9,0.0,hit,yes,same_action_new_instance,no,partial,corrected truth time,
171/509.4,171,509.4,task_boundary,511.4,511.4,-2.0,early,no,same_action_new_instance,partial,no,post-restart action becomes offscreen due camera shift,
171/548,171,548.0,task_boundary,548.0,548.0,0.0,hit,yes,same_action_new_instance,no,partial,,
171/579.8,171,579.8,no_boundary,,,,no_boundary,n/a,terminal_action_end,partial,no,,
194/127,194,127.0,no_boundary,,,,no_boundary,n/a,same_instance,yes,partial,retrieve box→open lid is one continuous interaction,
194/389,194,389.0,no_boundary,,,,no_boundary,n/a,same_instance,yes,no,inspect→repackage same cycle; next cycle has not started,
194/404.1,194,404.1,task_boundary,404.0,404.0,0.1,hit,yes,same_action_new_instance,partial,partial,close/place old box→pick up new box,
194/436,194,436.0,no_boundary,,,,no_boundary,n/a,terminal_action_end,partial,no,,
194/607,194,607.0,no_boundary,,,,no_boundary,n/a,same_instance,yes,yes,open→remove→inspect same product-box episode,
198/246,198,246.0,visibility_endpoint,246.0,246.0,0.0,hit,yes,visibility_or_offscreen,yes,uncertain,camera shift hides subsequent action,
198/574,198,574.0,visibility_endpoint,574.0,574.0,0.0,hit,yes,visibility_or_offscreen,uncertain,uncertain,camera shift hides subsequent action,
199/14,199,14.0,no_boundary,,,,no_boundary,n/a,same_instance,no,yes,,
199/85.6,199,85.6,no_boundary,,,,no_boundary,n/a,same_instance,yes,yes,rinse→replace is one continuous episode,
199/142.1,199,142.1,no_boundary,,,,no_boundary,n/a,same_instance,no,yes,,
199/307,199,307.0,no_boundary,,,,no_boundary,n/a,same_instance,no,yes,,
199/403,199,403.0,no_boundary,,,,no_boundary,n/a,same_instance,yes,yes,rinse→replace continuous,
203/34,203,34.0,no_boundary,,,,no_boundary,n/a,same_instance,yes,yes,,
203/54,203,54.0,task_boundary,54.8,54.8,-0.8,hit,yes,same_action_new_instance,partial,partial,,
203/78,203,78.0,initial_action_start,78.8,78.8,-0.8,hit,yes,initial_action_start,no,yes,,
203/174,203,174.0,task_boundary,174.8,174.8,-0.8,hit,yes,same_action_new_instance,no,partial,,
203/175,203,175.0,task_boundary,175.0,175.0,0.0,hit,yes,same_action_new_instance,no,partial,,
203/200.4,203,200.4,task_boundary,201.0,201.0,-0.6,hit,yes,same_action_new_instance,no,partial,,
203/570,203,570.0,no_boundary,,,,no_boundary,n/a,same_instance,yes,yes,,
217/224.7,217,224.7,no_boundary,,,,no_boundary,n/a,same_instance,yes,yes,rinse→seat is one continuous episode,
217/256,217,256.0,task_boundary,255.5,255.5,0.5,hit,yes,same_action_new_instance,yes,yes,replace→disengage→restart,
217/301,217,301.0,task_boundary,303.2,303.2,-2.2,early,no,same_action_new_instance,no,no,,
217/477,217,477.0,no_boundary,,,,no_boundary,n/a,same_instance,yes,partial,,
345/2,345,2.0,initial_action_start,3.0,3.0,-1.0,hit,yes,initial_action_start,uncertain,partial,,
345/234,345,234.0,no_boundary,,,,no_boundary,n/a,same_instance,uncertain,partial,,
345/426,345,426.0,no_boundary,,,,no_boundary,n/a,same_instance,uncertain,partial,,
345/616.7,345,616.7,no_boundary,,,,no_boundary,n/a,same_instance,partial,yes,continuous brush rinsing,
442/303,442,303.0,no_boundary,,,,no_boundary,n/a,same_instance,no,no,,
442/364,442,364.0,visibility_endpoint,364.0,364.0,0.0,hit,yes,visibility_or_offscreen,partial,no,preceding action unavailable due camera shift; visible wrap manipulation begins,
442/468,442,468.0,no_boundary,,,,no_boundary,n/a,same_instance,yes,yes,user correction: one continuous plastic-wrap action,
442/529,442,529.0,no_boundary,,,,no_boundary,n/a,same_instance,no,partial,,
