event_id,instance_relation,transition_shape,relation_source,shape_source,evidence,detail
recording_000001_batch3_gt_boundary_t412.8,cannot_determine,not_observable,double_48,double_48,关键动作不在画面里，无法判断该候选处是否存在可见 transition。,call=cannot prose=cannot_determine resolved_by=call
recording_000002_batch3_raw_change_peak_t602.0,same_instance,not_applicable,double_48,double_48,同一个动作：打开塑料箱子盖子再合上。,call=same prose=UNKNOWN resolved_by=call
recording_000005_batch3_gt_boundary_t104.0,UNKNOWN,UNKNOWN,,,,
recording_000005_batch3_raw_change_peak_t30.0,cannot_determine,point,relation_audit_54,legacy:batch3_pair_labels_v1_relabel_v1.csv,大部分时间双手不在画面中；candidate附近只能看到双手伸向拖鞋，前后动作关系无法可靠确定。,confidence=3_sure
recording_000005_batch3_raw_change_peak_t372.0,initial_action_start,UNKNOWN,relation_audit_54,,candidate前持续idle/无动作，candidate后右手开始新的拖鞋交互；这是从inactive状态进入第一个动作实例，属于initial_action_start。,confidence=3_sure
recording_000005_batch3_raw_change_peak_t513.0,same_action_new_instance,UNKNOWN,relation_audit_54,,一次双手放入/取回拖鞋的实例完成后视线/交互重置，随后再次开始同样的双手放入拖鞋动作。,confidence=3_sure
recording_000006_batch3_gt_boundary_t229.0,same_instance,not_applicable,legacy:batch3_pair_labels_v1_relabel_v1.csv,legacy:batch3_pair_labels_v1_relabel_v1.csv,,
recording_000006_batch3_gt_boundary_t77.3,same_instance,not_applicable,legacy:batch3_pair_labels_v1_relabel_v1.csv,legacy:batch3_pair_labels_v1_relabel_v1.csv,,
recording_000006_batch3_raw_change_peak_t393.0,same_instance,not_applicable,legacy:batch3_pair_labels_v1_relabel_v1.csv,legacy:batch3_pair_labels_v1_relabel_v1.csv,扫帚把垃圾扫进簸箕；下一阶段左手持簸箕把垃圾倒在地上，再由右手扫回簸箕。倒出前约0.5s滞空，存在短过渡区间。,call=interval prose=UNKNOWN resolved_by=prose
recording_000006_batch3_raw_change_peak_t468.0,same_action_new_instance,gap,double_48,double_48,重复扫入簸箕→倒出→再扫入的循环；倒出垃圾前约0.5s滞空，两个动作之间有短过渡区间。,call=interval prose=same_action_new_instance resolved_by=prose
recording_000007_batch3_gt_boundary_t345.7,cannot_determine,not_observable,legacy:batch3_pair_labels_v1_relabel_v1.csv,legacy:batch3_pair_labels_v1_relabel_v1.csv,,
recording_000008_batch3_gt_boundary_t163.0,same_instance,not_applicable,legacy:batch3_pair_labels_v1_relabel_v1.csv,legacy:batch3_pair_labels_v1_relabel_v1.csv,扫帚把垃圾扫进簸箕；下一阶段左手持簸箕把垃圾倒在地上，再由右手扫回簸箕。倒出前约0.5s滞空，存在短过渡区间。,call=interval prose=UNKNOWN resolved_by=prose
recording_000008_batch3_gt_boundary_t650.1,same_instance,not_applicable,legacy:batch3_pair_labels_v1_relabel_v1.csv,legacy:batch3_pair_labels_v1_relabel_v1.csv,,
recording_000008_batch3_raw_change_peak_t271.0,cannot_determine,not_observable,legacy:batch3_pair_labels_v1_relabel_v1.csv,legacy:batch3_pair_labels_v1_relabel_v1.csv,,
recording_000009_batch3_raw_change_peak_t314.0,cannot_determine,not_observable,legacy:batch3_pair_labels_v1_relabel_v1.csv,legacy:batch3_pair_labels_v1_relabel_v1.csv,,
recording_000009_batch3_raw_change_peak_t677.0,cannot_determine,not_observable,double_48,double_48,关键动作在画面外，无法判断该候选处是否存在可见 transition。,call=cannot prose=cannot_determine resolved_by=call
recording_000011_batch3_raw_change_peak_t218.0,same_instance,not_applicable,legacy:batch3_pair_labels_v1_relabel_v1.csv,legacy:batch3_pair_labels_v1_relabel_v1.csv,,
recording_000011_batch3_raw_change_peak_t260.0,same_instance,not_applicable,legacy:batch3_pair_labels_v1_relabel_v1.csv,legacy:batch3_pair_labels_v1_relabel_v1.csv,,
recording_000011_batch3_raw_change_peak_t352.0,same_action_new_instance,gap,double_48,double_48,双手插好数据线并放好，手短暂离开/idle，再伸向数据线把它打开；两个动作之间有短暂idle。,call=interval prose=same_action_new_instance resolved_by=prose
recording_000013_batch3_gt_boundary_t516.0,same_action_new_instance,gap,double_48,double_48,反复将杯子左→右、右→左移动；两个动作之间手短暂idle。,call=interval prose=same_action_new_instance resolved_by=prose
recording_000017_batch3_raw_change_peak_t674.0,UNKNOWN,UNKNOWN,,,,
recording_000019_batch3_gt_boundary_t112.5,same_action_new_instance,gap,double_48,double_48,反复将杯子左→右、右→左移动；两个动作之间手短暂idle。,call=interval prose=same_action_new_instance resolved_by=prose
recording_000019_batch3_gt_boundary_t173.0,same_instance,not_applicable,legacy:batch3_pair_labels_v1_relabel_v1.csv,legacy:batch3_pair_labels_v1_relabel_v1.csv,,
recording_000019_batch3_gt_boundary_t9.5,same_action_new_instance,gap,double_48,double_48,反复将杯子左→右、右→左移动；两个动作之间手短暂idle。,call=interval prose=same_action_new_instance resolved_by=prose
recording_000020_batch3_raw_change_peak_t67.0,new_action,point,relation_audit_54,legacy:batch3_pair_labels_v1_relabel_v1.csv,双手把杯子放桌面并释放进入idle，随后重新拿杯并打开水龙头冲洗；前后task-level goal不同。,confidence=3_sure
recording_000022_missed_signal_present_not_top_t366.5,new_action,gradual,relation_audit_54,ontology_37,前面是接水/冲洗杯子，随后右手进入杯内开始搓洗；从rinse转为scrub，是新的task-level action。,confidence=3_sure
recording_000022_missed_weak_signal_t466.8,same_action_new_instance,point,relation_audit_54,legacy:pair_labels_v1.csv,一轮接水/冲洗/倒水并放下杯子完成，双手释放idle，随后重新拿起杯子开始下一轮同类冲洗动作。,confidence=3_sure
recording_000023_batch3_raw_change_peak_t333.0,same_action_new_instance,gap,double_48,double_48,双手插好数据线并放好，手短暂离开/idle，再伸向数据线把它打开；两个动作之间有短暂idle。,call=interval prose=same_action_new_instance resolved_by=prose
recording_000023_batch3_raw_change_peak_t7.0,UNKNOWN,UNKNOWN,,,,
recording_000024_batch3_raw_change_peak_t584.0,same_action_new_instance,gap,double_48,double_48,拿出海绵放桌上并离手；随后拿起碗、开水龙头接水；两个动作之间手短暂idle。,call=interval prose=same_action_new_instance resolved_by=prose
recording_000025_batch3_gt_boundary_t112.0,same_instance,not_applicable,legacy:batch3_pair_labels_v1_relabel_v1.csv,legacy:batch3_pair_labels_v1_relabel_v1.csv,,
recording_000025_batch3_gt_boundary_t413.5,same_action_new_instance,gap,double_48,double_48,反复将杯子左→右、右→左移动；两个动作之间手短暂idle。,call=interval prose=same_action_new_instance resolved_by=prose
recording_000025_batch3_gt_boundary_t516.0,same_action_new_instance,gap,double_48,double_48,反复将杯子左→右、右→左移动；两个动作之间手短暂idle。,call=interval prose=same_action_new_instance resolved_by=prose
recording_000026_batch3_raw_change_peak_t206.0,same_action_new_instance,gap,double_48,double_48,手伸向数据线并打开，随后离开；再由双手开始缠数据线；两个动作之间手短暂idle。,call=interval prose=same_action_new_instance resolved_by=prose
recording_000027_batch3_gt_boundary_t142.0,same_instance,not_applicable,legacy:batch3_pair_labels_v1_relabel_v1.csv,legacy:batch3_pair_labels_v1_relabel_v1.csv,,
recording_000027_batch3_gt_boundary_t541.0,same_action_new_instance,gap,double_48,double_48,反复将杯子左→右、右→左移动；两个动作之间手短暂idle。,call=interval prose=same_action_new_instance resolved_by=prose
recording_000028_batch3_raw_change_peak_t273.0,same_instance,not_applicable,ontology_37,ontology_37,双手拿杯、右手开水龙头并冲洗杯子属于一个连续的拿杯冲洗流程，没有达到当前分割颗粒度下的新动作。,
recording_000029_batch3_gt_boundary_t519.0,same_instance,not_applicable,ontology_37,ontology_37,全程都在整理雨伞，局部操作变化属于同一动作内部运动。,
recording_000029_batch3_raw_change_peak_t163.0,same_instance,not_applicable,ontology_37,ontology_37,全程都在整理雨伞，没有新的 task-level action。,
recording_000029_batch3_raw_change_peak_t442.0,same_action_new_instance,gap,double_48,double_48,双手把伞缠好并离开，之后重新取伞并打开伞面；两个动作之间手短暂idle。,call=interval prose=same_action_new_instance resolved_by=prose
recording_000030_exact_t12.2,UNKNOWN,UNKNOWN,,,,
recording_000030_false_gap_t556.0,same_action_new_instance,point,relation_audit_54,legacy:pair_labels_v1.csv,一次杯子左→右移动完成后双手释放并idle，随后重新抓杯开始反向移动；有明确disengagement和重新接触。,confidence=3_sure
recording_000030_late_t387.5,same_action_new_instance,point,relation_audit_54,legacy:pair_labels_v1.csv,一次杯子左右移动实例结束后双手释放idle，再重新抓取开始下一次同类移动实例。,confidence=3_sure
recording_000030_late_t501.0,same_action_new_instance,point,relation_audit_54,legacy:pair_labels_v1.csv,一次杯子左右移动实例结束后双手释放idle，再重新抓取开始下一次同类移动实例。,confidence=3_sure
recording_000033_batch3_raw_change_peak_t566.0,same_action_new_instance,gap,double_48,double_48,把碗里的水倒出并放桌上、双手离开；随后重新拿起碗到水龙头下并开水冲洗；两个动作之间手短暂idle。,call=interval prose=same_action_new_instance resolved_by=prose
recording_000035_batch3_gt_boundary_t473.0,same_action_new_instance,gap,double_48,double_48,反复将杯子左→右、右→左移动；两个动作之间手短暂idle。,call=interval prose=same_action_new_instance resolved_by=prose
recording_000035_batch3_raw_change_peak_t132.0,same_action_new_instance,gap,double_48,double_48,反复将杯子左→右、右→左移动；两个动作之间手短暂idle。,call=interval prose=same_action_new_instance resolved_by=prose
recording_000035_batch3_raw_change_peak_t351.0,same_action_new_instance,point,relation_audit_54,legacy:batch3_pair_labels_v1_relabel_v1.csv,杯子一次移动完成后双手释放idle，随后重新抓取开始下一次同类移动实例。,confidence=3_sure
recording_000037_early_t156.0,same_instance,point,relation_audit_54,legacy:pair_labels_v1.csv,接水、冲洗、倒水并把杯子放桌上构成一个连续实例，中间没有明显disengagement/reset。,confidence=3_sure
recording_000042_batch3_raw_change_peak_t234.0,same_instance,not_applicable,legacy:batch3_pair_labels_v1_relabel_v1.csv,legacy:batch3_pair_labels_v1_relabel_v1.csv,,
recording_000046_missed_signal_present_not_top_t378.7,new_action,point,relation_audit_54,legacy:pair_labels_v1.csv,可见流程从团纸巾并丢弃切到抽取并折叠新纸巾；task-level action改变，但手部位于画面边缘，判断依赖一定上下文推断。,confidence=2_lean
recording_000048_batch3_raw_change_peak_t528.0,cannot_determine,not_observable,ontology_37,ontology_37,关键手部交互一直在画面外，无法从视频确定该候选处的真实视觉 transition。,
recording_000048_batch3_raw_change_peak_t96.0,new_action,point,relation_audit_54,legacy:batch3_pair_labels_v1_relabel_v1.csv,可见流程从团纸巾并丢弃切到抽取并折叠新纸巾；task-level action改变，但手部位于画面边缘，判断依赖一定上下文推断。,confidence=2_lean
recording_000049_batch3_gt_boundary_t94.5,same_action_new_instance,gap,double_48,double_48,擦桌子→把纸扔进垃圾桶→拿新纸巾并折叠；两个动作之间手短暂腾空，属于短过渡区间。,call=interval prose=same_action_new_instance resolved_by=prose
recording_000049_batch3_raw_change_peak_t325.0,same_action_new_instance,gap,double_48,double_48,擦桌子→把纸扔进垃圾桶→拿新纸巾并折叠；两个动作之间手短暂腾空，属于短过渡区间。,call=interval prose=same_action_new_instance resolved_by=prose
recording_000050_batch3_gt_boundary_t291.5,new_action,gradual,relation_audit_54,ontology_37,丢弃旧纸巾后抽取并折叠新纸巾，随后开始擦桌子；candidate两侧属于不同task-level action，即使中间没有明显idle。,confidence=3_sure
recording_000050_batch3_raw_change_peak_t104.0,new_action,point,relation_audit_54,legacy:batch3_pair_labels_v1_relabel_v1.csv,从擦桌子转为团纸并丢弃、再抽取新纸巾；task-level goal改变，即使动作连续没有明显disengagement。,confidence=3_sure
recording_000053_late_t207.5,new_action,point,relation_audit_54,legacy:pair_labels_v1.csv,可见流程从丢弃旧纸巾转为抽取/折叠新纸巾并开始擦桌子；task-level action改变，但手部位于画面边缘，需要一定上下文推断。,confidence=2_lean
recording_000053_missed_weak_signal_t486.0,cannot_determine,not_observable,legacy:pair_labels_v1.csv,legacy:pair_labels_v1.csv,,
recording_000054_batch3_raw_change_peak_t47.0,same_instance,not_applicable,double_48,double_48,同一个动作：双手按着纸巾在桌面上大幅度擦桌子。,call=same prose=UNKNOWN resolved_by=call
recording_000055_batch3_raw_change_peak_t560.0,UNKNOWN,UNKNOWN,,,,
recording_000056_batch3_gt_boundary_t209.5,cannot_determine,not_observable,legacy:batch3_pair_labels_v1_relabel_v1.csv,legacy:batch3_pair_labels_v1_relabel_v1.csv,,
recording_000056_batch3_gt_boundary_t261.0,same_instance,not_applicable,legacy:batch3_pair_labels_v1_relabel_v1.csv,legacy:batch3_pair_labels_v1_relabel_v1.csv,,
recording_000056_batch3_gt_boundary_t277.0,cannot_determine,not_observable,double_48,double_48,关键动作在画面外，无法判断。,call=cannot prose=cannot_determine resolved_by=call
recording_000057_batch3_raw_change_peak_t149.0,same_instance,not_applicable,double_48,double_48,同一个动作：双手按着纸巾在桌面上大幅度擦桌子。,call=same prose=UNKNOWN resolved_by=call
recording_000057_batch3_raw_change_peak_t524.0,same_instance,not_applicable,legacy:batch3_pair_labels_v1_relabel_v1.csv,legacy:batch3_pair_labels_v1_relabel_v1.csv,,
recording_000058_batch3_raw_change_peak_t585.0,new_action,gradual,relation_audit_54,ontology_37,丢弃旧纸巾后立即抽取并折叠新纸巾，随后开始擦桌子；虽然中间没有idle，但task-level action发生改变。,confidence=3_sure
recording_000061_early_t167.3,cannot_determine,point,relation_audit_54,legacy:pair_labels_v1.csv,大部分关键手部动作在画面外，只能看到candidate附近双手抽取纸巾并折好，无法可靠确定两侧relation。,confidence=3_sure
recording_000063_batch3_raw_change_peak_t631.0,UNKNOWN,UNKNOWN,,,,
recording_000064_batch3_raw_change_peak_t401.0,same_instance,not_applicable,legacy:batch3_pair_labels_v1_relabel_v1.csv,legacy:batch3_pair_labels_v1_relabel_v1.csv,,
recording_000065_batch3_raw_change_peak_t466.0,same_instance,not_applicable,double_48,double_48,同一个动作：双手按着纸巾在桌面上大幅度擦桌子。,call=same prose=UNKNOWN resolved_by=call
recording_000066_batch3_raw_change_peak_t190.0,UNKNOWN,point,,legacy:batch3_pair_labels_v1_relabel_v1.csv,,
recording_000067_batch3_gt_boundary_t440.5,new_action,point,relation_audit_54,legacy:batch3_pair_labels_v1_relabel_v1.csv,丢旧纸巾→准备新纸巾→开始擦桌子，task-level action改变，即使中间没有明显中断。,confidence=3_sure
recording_000068_batch3_gt_boundary_t57.5,UNKNOWN,point,,legacy:batch3_pair_labels_v1_relabel_v1.csv,,
recording_000068_batch3_raw_change_peak_t464.0,cannot_determine,point,relation_audit_54,legacy:batch3_pair_labels_v1_relabel_v1.csv,candidate前关键手部动作在画面外；candidate后可见丢旧纸并取新纸，但两侧relation无法可靠确定。,confidence=3_sure
recording_000069_batch3_gt_boundary_t330.0,same_instance,not_applicable,legacy:batch3_pair_labels_v1_relabel_v1.csv,legacy:batch3_pair_labels_v1_relabel_v1.csv,,
recording_000071_batch3_gt_boundary_t160.5,same_instance,not_applicable,legacy:batch3_pair_labels_v1_relabel_v1.csv,legacy:batch3_pair_labels_v1_relabel_v1.csv,,
recording_000072_batch3_gt_boundary_t269.5,cannot_determine,not_observable,legacy:batch3_pair_labels_v1_relabel_v1.csv,legacy:batch3_pair_labels_v1_relabel_v1.csv,,
recording_000072_batch3_gt_boundary_t629.0,UNKNOWN,UNKNOWN,,,,
recording_000073_batch3_raw_change_peak_t197.0,UNKNOWN,UNKNOWN,,,,
recording_000074_batch3_gt_boundary_t182.0,cannot_determine,not_observable,legacy:batch3_pair_labels_v1_relabel_v1.csv,legacy:batch3_pair_labels_v1_relabel_v1.csv,,
recording_000074_batch3_gt_boundary_t200.0,cannot_determine,not_observable,legacy:batch3_pair_labels_v1_relabel_v1.csv,legacy:batch3_pair_labels_v1_relabel_v1.csv,,
recording_000075_batch3_gt_boundary_t191.5,same_instance,not_applicable,legacy:batch3_pair_labels_v1_relabel_v1.csv,legacy:batch3_pair_labels_v1_relabel_v1.csv,,
recording_000075_batch3_raw_change_peak_t611.0,UNKNOWN,point,,legacy:batch3_pair_labels_v1_relabel_v1.csv,,
recording_000077_batch3_gt_boundary_t328.0,UNKNOWN,point,,legacy:batch3_pair_labels_v1_relabel_v1.csv,,
recording_000079_batch3_raw_change_peak_t156.0,same_instance,not_applicable,legacy:batch3_pair_labels_v1_relabel_v1.csv,legacy:batch3_pair_labels_v1_relabel_v1.csv,,
recording_000080_early_t113.0,UNKNOWN,point,,legacy:pair_labels_v1.csv,,
recording_000080_false_gap_t169.0,UNKNOWN,point,,legacy:pair_labels_v1.csv,,
recording_000080_late_t559.5,UNKNOWN,point,,legacy:pair_labels_v1.csv,,
recording_000081_batch3_gt_boundary_t397.0,cannot_determine,not_observable,legacy:batch3_pair_labels_v1_relabel_v1.csv,legacy:batch3_pair_labels_v1_relabel_v1.csv,,
recording_000081_batch3_raw_change_peak_t222.0,cannot_determine,not_observable,legacy:batch3_pair_labels_v1_relabel_v1.csv,legacy:batch3_pair_labels_v1_relabel_v1.csv,,
recording_000081_batch3_raw_change_peak_t398.0,cannot_determine,not_observable,legacy:batch3_pair_labels_v1_relabel_v1.csv,legacy:batch3_pair_labels_v1_relabel_v1.csv,,
recording_000086_duplicate_t530.5,UNKNOWN,UNKNOWN,,,,
recording_000088_batch3_gt_boundary_t275.0,same_instance,UNKNOWN,relation_audit_54,,双手持续按着纸巾小幅度擦桌子，中间没有disengagement或reset。,confidence=3_sure
recording_000088_batch3_gt_boundary_t371.0,UNKNOWN,point,,legacy:batch3_pair_labels_v1_relabel_v1.csv,,
recording_000088_batch3_raw_change_peak_t651.0,same_instance,not_applicable,legacy:batch3_pair_labels_v1_relabel_v1.csv,legacy:batch3_pair_labels_v1_relabel_v1.csv,,
recording_000089_batch3_raw_change_peak_t191.0,UNKNOWN,point,,legacy:batch3_pair_labels_v1_relabel_v1.csv,,
recording_000091_batch3_raw_change_peak_t343.0,UNKNOWN,point,,legacy:batch3_pair_labels_v1_relabel_v1.csv,,
recording_000092_batch3_raw_change_peak_t529.0,UNKNOWN,point,,legacy:batch3_pair_labels_v1_relabel_v1.csv,,
recording_000096_batch3_gt_boundary_t516.0,UNKNOWN,UNKNOWN,,,,
recording_000096_batch3_raw_change_peak_t185.0,same_instance,not_applicable,legacy:batch3_pair_labels_v1_relabel_v1.csv,legacy:batch3_pair_labels_v1_relabel_v1.csv,,
recording_000096_batch3_raw_change_peak_t608.0,same_instance,not_applicable,legacy:batch3_pair_labels_v1_relabel_v1.csv,legacy:batch3_pair_labels_v1_relabel_v1.csv,,
recording_000096_batch3_raw_change_peak_t77.0,same_instance,not_applicable,legacy:batch3_pair_labels_v1_relabel_v1.csv,legacy:batch3_pair_labels_v1_relabel_v1.csv,,
recording_000097_batch3_gt_boundary_t176.5,UNKNOWN,UNKNOWN,,,,
recording_000098_batch3_raw_change_peak_t617.0,same_instance,not_applicable,legacy:batch3_pair_labels_v1_relabel_v1.csv,legacy:batch3_pair_labels_v1_relabel_v1.csv,,
recording_000099_batch3_gt_boundary_t474.0,same_instance,not_applicable,legacy:batch3_pair_labels_v1_relabel_v1.csv,legacy:batch3_pair_labels_v1_relabel_v1.csv,,
recording_000100_batch3_gt_boundary_t476.0,UNKNOWN,UNKNOWN,,,,
recording_000100_batch3_raw_change_peak_t646.0,UNKNOWN,point,,legacy:batch3_pair_labels_v1_relabel_v1.csv,,
recording_000101_batch3_gt_boundary_t429.5,UNKNOWN,UNKNOWN,,,,
recording_000101_batch3_gt_boundary_t48.0,same_instance,UNKNOWN,relation_audit_54,,双手持续按着纸巾中等幅度擦桌子，中间没有disengagement或reset。,confidence=3_sure
recording_000101_batch3_raw_change_peak_t145.0,same_instance,not_applicable,legacy:batch3_pair_labels_v1_relabel_v1.csv,legacy:batch3_pair_labels_v1_relabel_v1.csv,,
recording_000102_duplicate_t164.5,UNKNOWN,point,,legacy:pair_labels_v1.csv,,
recording_000102_duplicate_t471.5,same_instance,not_applicable,legacy:pair_labels_v1.csv,legacy:pair_labels_v1.csv,,
recording_000102_early_t164.0,same_instance,not_applicable,legacy:pair_labels_v1.csv,legacy:pair_labels_v1.csv,,
recording_000102_false_mid_segment_t439.0,same_instance,not_applicable,legacy:pair_labels_v1.csv,legacy:pair_labels_v1.csv,,
recording_000102_false_mid_segment_t484.0,same_instance,not_applicable,legacy:pair_labels_v1.csv,legacy:pair_labels_v1.csv,,
recording_000102_missed_weak_signal_t23.5,same_instance,not_applicable,legacy:pair_labels_v1.csv,legacy:pair_labels_v1.csv,,
recording_000102_missed_weak_signal_t95.0,UNKNOWN,point,,legacy:pair_labels_v1.csv,,
recording_000103_batch3_gt_boundary_t333.0,same_instance,UNKNOWN,relation_audit_54,,双手持续按着纸巾小幅度擦桌子，中间没有disengagement或reset。,confidence=3_sure
recording_000104_batch3_gt_boundary_t392.0,same_action_new_instance,UNKNOWN,relation_audit_54,,擦桌子实例中双手离开纸巾并进入idle，随后重新接触纸巾继续同一擦桌动作；有明确release/idle和re-engagement。,confidence=3_sure
recording_000105_false_gap_t501.5,same_instance,not_applicable,legacy:pair_labels_v1.csv,legacy:pair_labels_v1.csv,,
recording_000105_false_gap_t505.5,same_instance,not_applicable,legacy:pair_labels_v1.csv,legacy:pair_labels_v1.csv,,
recording_000105_missed_signal_present_not_top_t582.0,UNKNOWN,point,,legacy:pair_labels_v1.csv,,
recording_000105_missed_weak_signal_t72.0,same_instance,not_applicable,legacy:pair_labels_v1.csv,legacy:pair_labels_v1.csv,,
recording_000108_batch3_gt_boundary_t337.0,UNKNOWN,UNKNOWN,,,,
recording_000108_batch3_gt_boundary_t517.5,same_instance,UNKNOWN,relation_audit_54,,双手持续按着纸巾小幅度擦桌子，中间没有disengagement或reset。,confidence=3_sure
recording_000108_batch3_raw_change_peak_t590.0,UNKNOWN,UNKNOWN,,,,
recording_000110_false_gap_t178.5,same_instance,not_applicable,legacy:pair_labels_v1.csv,legacy:pair_labels_v1.csv,,
recording_000110_false_near_edge_t504.0,UNKNOWN,point,,legacy:pair_labels_v1.csv,,
recording_000112_false_mid_segment_t429.0,same_instance,not_applicable,legacy:pair_labels_v1.csv,legacy:pair_labels_v1.csv,,
recording_000114_batch3_gt_boundary_t498.0,UNKNOWN,point,,legacy:batch3_pair_labels_v1_relabel_v1.csv,,
recording_000116_exact_t435.2,UNKNOWN,point,,legacy:pair_labels_v1.csv,,
recording_000116_false_near_edge_t562.0,same_instance,not_applicable,legacy:pair_labels_v1.csv,legacy:pair_labels_v1.csv,,
recording_000120_batch3_gt_boundary_t32.1,UNKNOWN,UNKNOWN,,,,
recording_000121_batch3_gt_boundary_t179.5,UNKNOWN,point,,legacy:batch3_pair_labels_v1_relabel_v1.csv,,
recording_000121_batch3_raw_change_peak_t556.0,same_instance,not_applicable,legacy:batch3_pair_labels_v1_relabel_v1.csv,legacy:batch3_pair_labels_v1_relabel_v1.csv,,
recording_000122_batch3_raw_change_peak_t544.0,cannot_determine,point,relation_audit_54,legacy:batch3_pair_labels_v1_relabel_v1.csv,candidate前可见右手把物件放入柜子、撤出后再进入取出；candidate后关键动作在画面外，因此两侧relation无法可靠确定。,confidence=3_sure
recording_000125_batch3_gt_boundary_t386.0,UNKNOWN,UNKNOWN,,,,
recording_000125_batch3_raw_change_peak_t126.0,same_instance,not_applicable,legacy:batch3_pair_labels_v1_relabel_v1.csv,legacy:batch3_pair_labels_v1_relabel_v1.csv,,
recording_000126_batch3_raw_change_peak_t225.0,UNKNOWN,point,,legacy:batch3_pair_labels_v1_relabel_v1.csv,,
recording_000127_batch3_gt_boundary_t220.0,UNKNOWN,UNKNOWN,,,,
recording_000127_batch3_gt_boundary_t304.0,UNKNOWN,UNKNOWN,,,,
recording_000127_batch3_gt_boundary_t572.1,UNKNOWN,UNKNOWN,,,,
recording_000127_batch3_gt_boundary_t93.0,UNKNOWN,UNKNOWN,,,,
recording_000131_batch3_gt_boundary_t172.8,UNKNOWN,point,,legacy:batch3_pair_labels_v1_relabel_v1.csv,,
recording_000133_batch3_raw_change_peak_t295.0,same_instance,not_applicable,legacy:batch3_pair_labels_v1_relabel_v1.csv,legacy:batch3_pair_labels_v1_relabel_v1.csv,,
recording_000134_false_near_edge_t130.0,UNKNOWN,point,,legacy:pair_labels_v1.csv,,
recording_000134_false_near_edge_t562.5,UNKNOWN,point,,legacy:pair_labels_v1.csv,,
recording_000135_batch3_gt_boundary_t559.0,new_action,UNKNOWN,relation_audit_54,,双手先盘/整理充电线，随后拆开并把插头插入墙上插座；task-level goal从整理线缆转为连接/插电，中间虽连续但action改变。,confidence=3_sure
recording_000137_batch3_raw_change_peak_t299.0,new_action,point,relation_audit_54,legacy:batch3_pair_labels_v1_relabel_v1.csv,先整理充电线，释放并idle后再开始缠好充电线；存在明确reset，且前后操作目标可视为不同task-level phase。,confidence=2_lean
recording_000138_batch3_gt_boundary_t569.0,UNKNOWN,UNKNOWN,,,,
recording_000139_batch3_gt_boundary_t572.1,UNKNOWN,point,,legacy:batch3_pair_labels_v1_relabel_v1.csv,,
recording_000140_batch3_raw_change_peak_t166.0,UNKNOWN,point,,legacy:batch3_pair_labels_v1_relabel_v1.csv,,
recording_000140_batch3_raw_change_peak_t574.0,new_action,point,relation_audit_54,legacy:batch3_pair_labels_v1_relabel_v1.csv,前面完成充电器连接，随后释放idle，再把两端拔下并缠线；从连接/插入转为拆除/整理，task-level action明确改变。,confidence=3_sure
recording_000141_batch3_gt_boundary_t203.5,same_instance,not_applicable,legacy:batch3_pair_labels_v1_relabel_v1.csv,legacy:batch3_pair_labels_v1_relabel_v1.csv,,
recording_000141_batch3_gt_boundary_t305.0,UNKNOWN,UNKNOWN,,,,
recording_000141_batch3_gt_boundary_t388.5,UNKNOWN,UNKNOWN,,,,
recording_000141_batch3_gt_boundary_t408.5,same_instance,not_applicable,legacy:batch3_pair_labels_v1_relabel_v1.csv,legacy:batch3_pair_labels_v1_relabel_v1.csv,,
recording_000141_batch3_gt_boundary_t450.0,same_instance,not_applicable,legacy:batch3_pair_labels_v1_relabel_v1.csv,legacy:batch3_pair_labels_v1_relabel_v1.csv,,
recording_000141_batch3_raw_change_peak_t418.0,same_instance,not_applicable,legacy:batch3_pair_labels_v1_relabel_v1.csv,legacy:batch3_pair_labels_v1_relabel_v1.csv,,
recording_000144_batch3_gt_boundary_t40.5,same_instance,not_applicable,legacy:batch3_pair_labels_v1_relabel_v1.csv,legacy:batch3_pair_labels_v1_relabel_v1.csv,,
recording_000144_batch3_raw_change_peak_t171.0,same_instance,not_applicable,double_48,double_48,同一个动作：左手拿遥控器、右手支撑，大拇指在遥控器上活动。,call=same prose=UNKNOWN resolved_by=call
recording_000145_batch3_gt_boundary_t558.0,new_action,gap,relation_audit_54,topology_37,把充电线缠好后转为放入柜子收纳，并最终进入idle；从整理线缆转为收纳，按task goal判断为新动作。,confidence=2_lean
recording_000146_batch3_gt_boundary_t524.0,UNKNOWN,UNKNOWN,,,,
recording_000146_batch3_raw_change_peak_t615.0,same_instance,not_applicable,legacy:batch3_pair_labels_v1_relabel_v1.csv,legacy:batch3_pair_labels_v1_relabel_v1.csv,,
recording_000147_batch3_raw_change_peak_t265.0,same_instance,not_applicable,legacy:batch3_pair_labels_v1_relabel_v1.csv,legacy:batch3_pair_labels_v1_relabel_v1.csv,,
recording_000149_batch3_gt_boundary_t101.6,same_instance,not_applicable,legacy:batch3_pair_labels_v1_relabel_v1.csv,legacy:batch3_pair_labels_v1_relabel_v1.csv,,
recording_000149_batch3_gt_boundary_t141.0,UNKNOWN,UNKNOWN,,,,
recording_000149_batch3_gt_boundary_t193.2,same_instance,not_applicable,double_48,double_48,同一个动作：双手拿手机，右手大拇指点亮手机屏幕。,call=same prose=UNKNOWN resolved_by=call
recording_000149_batch3_gt_boundary_t488.2,same_instance,not_applicable,legacy:batch3_pair_labels_v1_relabel_v1.csv,legacy:batch3_pair_labels_v1_relabel_v1.csv,,
recording_000149_batch3_raw_change_peak_t425.0,same_instance,not_applicable,double_48,double_48,同一个动作：双手拿手机，右手大拇指点亮手机屏幕。,call=same prose=UNKNOWN resolved_by=call
recording_000150_duplicate_t234.5,UNKNOWN,UNKNOWN,,,,
recording_000150_false_mid_segment_t498.5,UNKNOWN,point,,legacy:pair_labels_v1.csv,,
recording_000150_missed_signal_present_not_top_t34.0,UNKNOWN,UNKNOWN,,,,
recording_000150_missed_weak_signal_t9.5,same_instance,not_applicable,ontology_37,ontology_37,双手拿起遥控器并翻转属于同一个连续动作；约4秒的 pickup 是动作内部开始，不是9.5秒附近的新 task transition。,
recording_000151_batch3_gt_boundary_t64.0,same_instance,not_applicable,legacy:batch3_pair_labels_v1_relabel_v1.csv,legacy:batch3_pair_labels_v1_relabel_v1.csv,,
recording_000152_batch3_gt_boundary_t9.5,same_action_new_instance,gap,double_48,double_48,重复遥控器操作循环：背面向上放桌面→双手短暂离开/idle→重新取回并正面检查→再放回；每次动作实例之间有明显idle，因此本次复审改为interval。,call=interval prose=same_action_new_instance resolved_by=prose
recording_000152_batch3_raw_change_peak_t553.0,same_instance,not_applicable,legacy:batch3_pair_labels_v1_relabel_v1.csv,legacy:batch3_pair_labels_v1_relabel_v1.csv,,
recording_000153_batch3_gt_boundary_t149.9,same_instance,not_applicable,legacy:batch3_pair_labels_v1_relabel_v1.csv,legacy:batch3_pair_labels_v1_relabel_v1.csv,,
recording_000153_batch3_gt_boundary_t223.5,same_instance,not_applicable,double_48,double_48,重复同一个动作：左手拿遥控器，右手在遥控器上上下滑动。,call=same prose=same_action_new_instance resolved_by=call
recording_000153_batch3_raw_change_peak_t241.0,same_instance,not_applicable,legacy:batch3_pair_labels_v1_relabel_v1.csv,legacy:batch3_pair_labels_v1_relabel_v1.csv,,
recording_000153_batch3_raw_change_peak_t367.0,same_instance,not_applicable,legacy:batch3_pair_labels_v1_relabel_v1.csv,legacy:batch3_pair_labels_v1_relabel_v1.csv,,
recording_000154_batch3_gt_boundary_t223.5,cannot_determine,not_observable,legacy:batch3_pair_labels_v1_relabel_v1.csv,legacy:batch3_pair_labels_v1_relabel_v1.csv,,
recording_000155_batch3_gt_boundary_t195.2,UNKNOWN,point,,legacy:batch3_pair_labels_v1_relabel_v1.csv,,
recording_000155_batch3_raw_change_peak_t228.0,same_instance,not_applicable,legacy:batch3_pair_labels_v1_relabel_v1.csv,legacy:batch3_pair_labels_v1_relabel_v1.csv,,
recording_000156_batch3_gt_boundary_t254.0,new_action,gradual,relation_audit_54,ontology_37,从inspect充电线转为插入/连接充电线；transition可以是gradual，但instance relation仍是不同task-level action。,confidence=3_sure
recording_000156_batch3_gt_boundary_t46.0,cannot_determine,not_observable,legacy:batch3_pair_labels_v1_relabel_v1.csv,legacy:batch3_pair_labels_v1_relabel_v1.csv,,
recording_000157_batch3_gt_boundary_t580.1,UNKNOWN,point,,legacy:batch3_pair_labels_v1_relabel_v1.csv,,
recording_000157_batch3_raw_change_peak_t632.0,new_action,UNKNOWN,relation_audit_54,,从inspect手机转为inspect手表，active target/object改变；后面没有有效动作不影响candidate两侧已发生的新action判断。,confidence=3_sure
recording_000158_batch3_gt_boundary_t622.5,same_instance,not_applicable,ontology_37,ontology_37,主动作持续不变；中间抬左手看一次手表属于短暂干扰，不应切断主任务。,
recording_000160_exact_t207.5,UNKNOWN,point,,legacy:pair_labels_v1.csv,,
recording_000160_exact_t575.6,same_action_new_instance,UNKNOWN,relation_audit_54,,一轮塞子冲洗并放回后有短暂停顿，随后再次取出塞子冲洗；物体已放回并重新拿取，支持instance reset，但手没有明显离开工作区。,confidence=2_lean
recording_000161_batch3_raw_change_peak_t159.0,same_instance,not_applicable,legacy:batch3_pair_labels_v1_relabel_v1.csv,legacy:batch3_pair_labels_v1_relabel_v1.csv,,
recording_000161_batch3_raw_change_peak_t599.0,same_instance,not_applicable,ontology_37,ontology_37,放置/取出下水道塞子、开水龙头并冲洗可视为同一个处理/清洗塞子的完整流程；开水龙头只是嵌入步骤。,
recording_000163_batch3_raw_change_peak_t397.0,same_instance,not_applicable,ontology_37,ontology_37,冲洗塞子、关水并把塞子放回水槽属于同一个处理塞子的连续流程；关水是内部步骤。,
recording_000163_batch3_raw_change_peak_t634.0,cannot_determine,not_observable,legacy:batch3_pair_labels_v1_relabel_v1.csv,legacy:batch3_pair_labels_v1_relabel_v1.csv,,
recording_000165_batch3_gt_boundary_t464.8,cannot_determine,not_observable,legacy:batch3_pair_labels_v1_relabel_v1.csv,legacy:batch3_pair_labels_v1_relabel_v1.csv,,
recording_000165_batch3_raw_change_peak_t593.0,UNKNOWN,UNKNOWN,,,,
recording_000167_batch3_raw_change_peak_t689.0,cannot_determine,UNKNOWN,relation_audit_54,,画面没有可用动作信息，无法确定candidate两侧的instance relation。,confidence=3_sure
recording_000169_batch3_gt_boundary_t350.0,same_action_new_instance,point,relation_audit_54,legacy:batch3_pair_labels_v1_relabel_v1.csv,一次塞子冲洗并放回完成后双手明显离开水槽并idle，随后重新取出塞子开始同一冲洗动作。,confidence=3_sure
recording_000169_batch3_raw_change_peak_t169.0,terminal_action_end,gap,double_48,double_48,双手取出下水道塞子、在水龙头下冲洗并放回；动作完成后双手明显离开水槽并进入idle。虽然没有后续动作，动作结束到idle构成过渡区间。,call=interval prose=terminal_action_end resolved_by=prose
recording_000170_batch3_gt_boundary_t528.2,UNKNOWN,UNKNOWN,,,,
recording_000170_batch3_gt_boundary_t634.0,same_action_new_instance,gap,double_48,double_48,下水道塞子冲洗并放回，双手明显离开水槽；随后再次取出塞子冲洗并放回。两次动作之间有明显idle/离手间隔。,call=interval prose=same_action_new_instance resolved_by=prose
recording_000170_batch3_gt_boundary_t659.4,same_action_new_instance,point,relation_audit_54,legacy:batch3_pair_labels_v1_relabel_v1.csv,一次塞子冲洗并放回完成后双手明显离开水槽并idle，随后重新取出塞子开始下一次同类冲洗实例。,confidence=3_sure
recording_000170_batch3_raw_change_peak_t542.0,UNKNOWN,point,,legacy:batch3_pair_labels_v1_relabel_v1.csv,,
recording_000172_batch3_gt_boundary_t346.6,UNKNOWN,point,,legacy:batch3_pair_labels_v1_relabel_v1.csv,,
recording_000172_batch3_raw_change_peak_t374.0,UNKNOWN,point,,legacy:batch3_pair_labels_v1_relabel_v1.csv,,
recording_000173_batch3_gt_boundary_t161.6,UNKNOWN,UNKNOWN,,,,
recording_000174_batch3_raw_change_peak_t45.0,UNKNOWN,point,,legacy:batch3_pair_labels_v1_relabel_v1.csv,,
recording_000175_batch3_raw_change_peak_t160.0,same_instance,not_applicable,legacy:batch3_pair_labels_v1_relabel_v1.csv,legacy:batch3_pair_labels_v1_relabel_v1.csv,,
recording_000175_batch3_raw_change_peak_t496.0,UNKNOWN,UNKNOWN,,,,
recording_000176_false_mid_segment_t90.5,UNKNOWN,point,,legacy:pair_labels_v1.csv,,
recording_000176_false_near_edge_t345.5,UNKNOWN,point,,legacy:pair_labels_v1.csv,,
recording_000176_missed_signal_present_not_top_t188.5,UNKNOWN,point,,legacy:pair_labels_v1.csv,,
recording_000177_batch3_gt_boundary_t174.5,UNKNOWN,point,,legacy:batch3_pair_labels_v1_relabel_v1.csv,,
recording_000177_batch3_gt_boundary_t189.0,UNKNOWN,UNKNOWN,,,,
recording_000177_batch3_raw_change_peak_t102.0,UNKNOWN,point,,legacy:batch3_pair_labels_v1_relabel_v1.csv,,
recording_000178_batch3_raw_change_peak_t211.0,same_instance,not_applicable,legacy:batch3_pair_labels_v1_relabel_v1.csv,legacy:batch3_pair_labels_v1_relabel_v1.csv,,
recording_000178_batch3_raw_change_peak_t360.0,same_instance,not_applicable,ontology_37,ontology_37,取出塞子、开水并冲洗属于同一个处理/清洗塞子的完整动作，开水龙头不单独形成 segment。,
recording_000179_batch3_gt_boundary_t688.5,terminal_action_end,point,relation_audit_54,legacy:batch3_pair_labels_v1_relabel_v1.csv,双手完成塞子冲洗并放回后，画面中没有后续有效动作；前一动作结束并保持inactive。,confidence=3_sure
recording_000179_batch3_raw_change_peak_t324.0,same_action_new_instance,gap,double_48,double_48,一次塞子冲洗并放回完成后，双手明显离开水槽，再开始下一次取出塞子冲洗；两个动作实例之间存在idle区间。,call=interval prose=same_action_new_instance resolved_by=prose
recording_000180_batch3_gt_boundary_t392.5,same_action_new_instance,gap,double_48,double_48,一次塞子冲洗并放回完成后，双手明显离开水槽，再开始下一次取出塞子冲洗；两个动作实例之间存在idle区间。,call=interval prose=same_action_new_instance resolved_by=prose
recording_000180_batch3_raw_change_peak_t71.0,same_instance,not_applicable,legacy:batch3_pair_labels_v1_relabel_v1.csv,legacy:batch3_pair_labels_v1_relabel_v1.csv,,
recording_000181_exact_t93.5,UNKNOWN,point,,legacy:pair_labels_v1.csv,,
recording_000181_false_near_edge_t564.0,UNKNOWN,point,,legacy:pair_labels_v1.csv,,
recording_000181_late_t233.0,UNKNOWN,point,,legacy:pair_labels_v1.csv,,
recording_000181_late_t73.5,UNKNOWN,point,,legacy:pair_labels_v1.csv,,
recording_000182_batch3_gt_boundary_t14.0,same_instance,not_applicable,double_48,double_48,双手先idle，随后取出下水道塞子并在水龙头下冲洗，视频到这里结束；按本次复审，候选附近没有可接受的动作间boundary。,call=same prose=terminal_action_end resolved_by=call
recording_000182_batch3_raw_change_peak_t543.0,same_instance,not_applicable,legacy:batch3_pair_labels_v1_relabel_v1.csv,legacy:batch3_pair_labels_v1_relabel_v1.csv,,
recording_000183_exact_t144.0,same_action_new_instance,point,relation_audit_54,legacy:pair_labels_v1.csv,塞子放回后双手明显idle，随后再次取出塞子并开始冲洗；上一实例完成、disengage后重新开始同类实例。,confidence=3_sure
recording_000183_false_near_edge_t355.0,UNKNOWN,point,,legacy:pair_labels_v1.csv,,
recording_000184_batch3_raw_change_peak_t512.0,UNKNOWN,point,,legacy:batch3_pair_labels_v1_relabel_v1.csv,,
recording_000185_batch3_raw_change_peak_t407.0,same_instance,not_applicable,ontology_37,ontology_37,冲洗塞子、关水并放回水槽仍属于同一完整处理流程。,
recording_000185_batch3_raw_change_peak_t87.0,same_instance,not_applicable,legacy:batch3_pair_labels_v1_relabel_v1.csv,legacy:batch3_pair_labels_v1_relabel_v1.csv,,
recording_000186_batch3_gt_boundary_t525.5,UNKNOWN,UNKNOWN,,,,
recording_000186_batch3_raw_change_peak_t427.0,same_instance,not_applicable,double_48,double_48,双手先idle，随后取出下水道塞子并在水龙头下冲洗，视频到这里结束；按本次复审，候选附近没有可接受的动作间boundary。,call=same prose=terminal_action_end resolved_by=call
recording_000187_batch3_gt_boundary_t112.0,same_instance,not_applicable,legacy:batch3_pair_labels_v1_relabel_v1.csv,legacy:batch3_pair_labels_v1_relabel_v1.csv,,
recording_000187_batch3_gt_boundary_t319.3,same_instance,not_applicable,legacy:batch3_pair_labels_v1_relabel_v1.csv,legacy:batch3_pair_labels_v1_relabel_v1.csv,,
recording_000187_batch3_raw_change_peak_t354.0,same_instance,not_applicable,legacy:batch3_pair_labels_v1_relabel_v1.csv,legacy:batch3_pair_labels_v1_relabel_v1.csv,,
recording_000187_batch3_raw_change_peak_t367.0,same_instance,not_applicable,legacy:batch3_pair_labels_v1_relabel_v1.csv,legacy:batch3_pair_labels_v1_relabel_v1.csv,,
recording_000188_false_gap_t456.0,UNKNOWN,point,,legacy:pair_labels_v1.csv,,
recording_000188_missed_signal_present_not_top_t25.0,UNKNOWN,point,,legacy:pair_labels_v1.csv,,
recording_000188_missed_signal_present_not_top_t39.0,UNKNOWN,point,,legacy:pair_labels_v1.csv,,
recording_000189_batch3_gt_boundary_t296.7,same_instance,not_applicable,legacy:batch3_pair_labels_v1_relabel_v1.csv,legacy:batch3_pair_labels_v1_relabel_v1.csv,,
recording_000189_batch3_raw_change_peak_t137.0,same_instance,not_applicable,legacy:batch3_pair_labels_v1_relabel_v1.csv,legacy:batch3_pair_labels_v1_relabel_v1.csv,,
recording_000190_batch3_raw_change_peak_t524.0,same_instance,not_applicable,legacy:batch3_pair_labels_v1_relabel_v1.csv,legacy:batch3_pair_labels_v1_relabel_v1.csv,,
recording_000190_batch3_raw_change_peak_t631.0,UNKNOWN,UNKNOWN,,,,
recording_000191_batch3_gt_boundary_t49.0,same_instance,not_applicable,double_48,double_48,左右手各拿一只碗，交替把一只碗放到另一只碗上再拿下，循环重复；属于同一个动作。,call=same prose=same_action_new_instance resolved_by=call
recording_000192_batch3_gt_boundary_t485.6,UNKNOWN,point,,ontology_37,约486秒由左手持盒、右手从盒中取充电宝，集中切换为双手持充电宝并翻面/检查/拔线；active object configuration、动作模式和双手角色同时改变。,
recording_000193_missed_signal_present_not_top_t264.2,same_instance,not_applicable,legacy:pair_labels_v1.csv,legacy:pair_labels_v1.csv,,
recording_000195_batch3_gt_boundary_t407.2,same_instance,not_applicable,double_48,double_48,左手扶玩偶、右手擦玩偶头部；中间玩偶嘴闭上可能造成视觉变化，但主动作不变。,call=same prose=UNKNOWN resolved_by=call
recording_000195_batch3_raw_change_peak_t110.0,same_instance,not_applicable,legacy:batch3_pair_labels_v1_relabel_v1.csv,legacy:batch3_pair_labels_v1_relabel_v1.csv,,
recording_000196_false_mid_segment_t243.0,UNKNOWN,point,,legacy:pair_labels_v1.csv,,
recording_000197_batch3_raw_change_peak_t32.0,new_action,gradual,relation_audit_54,ontology_37,从inspect充电宝转为把充电宝放入盒子，task-level goal改变，中间即使没有idle也属于新动作。,confidence=3_sure
recording_000197_batch3_raw_change_peak_t96.0,same_instance,not_applicable,legacy:batch3_pair_labels_v1_relabel_v1.csv,legacy:batch3_pair_labels_v1_relabel_v1.csv,,
recording_000200_batch3_gt_boundary_t192.0,cannot_determine,not_observable,legacy:batch3_pair_labels_v1_relabel_v1.csv,legacy:batch3_pair_labels_v1_relabel_v1.csv,,
recording_000200_batch3_gt_boundary_t358.8,cannot_determine,not_observable,legacy:batch3_pair_labels_v1_relabel_v1.csv,legacy:batch3_pair_labels_v1_relabel_v1.csv,,
recording_000201_batch3_gt_boundary_t132.1,same_action_new_instance,gap,double_48,double_48,一次下水道塞子冲洗并放回后，双手明显离开水槽；随后再次取出塞子冲洗。两个动作实例之间存在idle区间。,call=interval prose=same_action_new_instance resolved_by=prose
recording_000201_batch3_raw_change_peak_t272.0,same_instance,not_applicable,double_48,double_48,双手取出下水道塞子、在水龙头下冲洗并放回，视频到这里结束；按本次复审，候选附近没有后续动作边界。,call=same prose=terminal_action_end resolved_by=call
recording_000201_batch3_raw_change_peak_t498.0,same_action_new_instance,point,relation_audit_54,legacy:batch3_pair_labels_v1_relabel_v1.csv,一次塞子冲洗并放回完成后双手明显离开水槽并idle，随后重新取出塞子开始下一次同类冲洗实例。,confidence=3_sure
recording_000202_batch3_gt_boundary_t49.0,same_instance,not_applicable,legacy:batch3_pair_labels_v1_relabel_v1.csv,legacy:batch3_pair_labels_v1_relabel_v1.csv,,
recording_000202_batch3_raw_change_peak_t712.0,cannot_determine,UNKNOWN,relation_audit_54,,画面中没有有效动作信息，无法确定candidate两侧的instance relation。,confidence=3_sure
recording_000204_batch3_raw_change_peak_t484.0,same_instance,not_applicable,ontology_37,ontology_37,全程都是双手拿着塞子在水龙头下冲洗，没有 task-level transition。,
recording_000205_batch3_gt_boundary_t77.5,same_instance,not_applicable,legacy:batch3_pair_labels_v1_relabel_v1.csv,legacy:batch3_pair_labels_v1_relabel_v1.csv,,
recording_000205_batch3_raw_change_peak_t420.0,terminal_action_end,gap,double_48,double_48,双手取出下水道塞子、冲洗并放回；动作完成后双手明显离开水槽并进入idle，形成动作结束到idle的过渡区间。,call=interval prose=terminal_action_end resolved_by=prose
recording_000205_batch3_raw_change_peak_t670.0,UNKNOWN,UNKNOWN,,,,
recording_000206_batch3_gt_boundary_t210.5,UNKNOWN,point,,legacy:batch3_pair_labels_v1_relabel_v1.csv,,
recording_000206_batch3_raw_change_peak_t183.0,UNKNOWN,point,,legacy:batch3_pair_labels_v1_relabel_v1.csv,,
recording_000206_batch3_raw_change_peak_t616.0,same_instance,not_applicable,ontology_37,ontology_37,冲洗塞子、关水并放回水槽属于同一个处理/清洗流程，关水只是内部步骤。,
recording_000207_batch3_gt_boundary_t412.0,UNKNOWN,point,,legacy:batch3_pair_labels_v1_relabel_v1.csv,,
recording_000207_batch3_gt_boundary_t472.0,UNKNOWN,point,,legacy:batch3_pair_labels_v1_relabel_v1.csv,,
recording_000208_batch3_gt_boundary_t610.5,UNKNOWN,point,,legacy:batch3_pair_labels_v1_relabel_v1.csv,,
recording_000209_batch3_gt_boundary_t155.0,UNKNOWN,UNKNOWN,,,,
recording_000209_batch3_gt_boundary_t257.0,same_action_new_instance,point,relation_audit_54,legacy:batch3_pair_labels_v1_relabel_v1.csv,一次下水道塞子冲洗并放回完成后，双手明显离开水槽并idle，随后重新取出塞子开始下一次同类冲洗实例。,confidence=3_sure
recording_000209_batch3_gt_boundary_t358.5,UNKNOWN,UNKNOWN,,,,
recording_000209_batch3_gt_boundary_t435.3,UNKNOWN,UNKNOWN,,,,
recording_000210_batch3_raw_change_peak_t451.0,same_instance,not_applicable,legacy:batch3_pair_labels_v1_relabel_v1.csv,legacy:batch3_pair_labels_v1_relabel_v1.csv,,
recording_000211_batch3_gt_boundary_t322.2,UNKNOWN,UNKNOWN,,,,
recording_000211_batch3_raw_change_peak_t36.0,cannot_determine,UNKNOWN,relation_audit_54,,画面中没有有效动作信息，无法确定candidate两侧的instance relation。,confidence=3_sure
recording_000211_batch3_raw_change_peak_t515.0,cannot_determine,not_observable,double_48,double_48,大部分关键动作在画面外；只能看到下水道塞子在水龙头下冲洗且视频随后结束，候选处观测不足以可靠判断boundary。,call=cannot prose=cannot_determine resolved_by=call
recording_000212_batch3_gt_boundary_t502.2,new_action,point,relation_audit_54,double_48,先整理并把小包装放入大袋、合上袋口，随后把袋子倒转使小包装全部掉出并重新整理；task-level goal发生改变，虽连续但属于新动作。,confidence=3_sure
recording_000212_batch3_raw_change_peak_t228.0,same_instance,not_applicable,legacy:batch3_pair_labels_v1_relabel_v1.csv,legacy:batch3_pair_labels_v1_relabel_v1.csv,,
recording_000212_batch3_raw_change_peak_t248.0,UNKNOWN,point,,ontology_37,把小包装放入袋子并合上盖子后，转为从袋子里倒出来；按当前颗粒度是 point-level task switch。,
recording_000212_batch3_raw_change_peak_t342.0,same_instance,not_applicable,legacy:batch3_pair_labels_v1_relabel_v1.csv,legacy:batch3_pair_labels_v1_relabel_v1.csv,,
recording_000213_duplicate_t230.5,UNKNOWN,point,,legacy:pair_labels_v1.csv,,
recording_000213_false_gap_t242.5,UNKNOWN,point,,legacy:pair_labels_v1.csv,,
recording_000213_late_t150.0,same_instance,not_applicable,ontology_37,ontology_37,冲洗塞子、关水并放回水槽属于同一个完整动作；约151秒是整个动作结束附近，不把关水内部步骤单独切开。,
recording_000213_late_t43.0,UNKNOWN,point,,legacy:pair_labels_v1.csv,,
recording_000214_batch3_gt_boundary_t26.8,same_instance,not_applicable,legacy:batch3_pair_labels_v1_relabel_v1.csv,legacy:batch3_pair_labels_v1_relabel_v1.csv,,
recording_000214_batch3_gt_boundary_t521.0,terminal_action_end,gap,double_48,double_48,手一开始idle，随后伸向沙发下面的拖鞋，把拖鞋拿出来再放回，之后继续idle；动作前后都有明显idle，形成过渡区间。,call=interval prose=terminal_action_end resolved_by=prose
recording_000215_batch3_gt_boundary_t79.5,UNKNOWN,point,,legacy:batch3_pair_labels_v1_relabel_v1.csv,,
recording_000216_batch3_gt_boundary_t574.0,cannot_determine,not_observable,legacy:batch3_pair_labels_v1_relabel_v1.csv,legacy:batch3_pair_labels_v1_relabel_v1.csv,,
recording_000218_batch3_gt_boundary_t123.1,same_action_new_instance,gap,double_48,double_48,双手把两只拖鞋放入桌子抽屉；随后依次取出再放回。拖鞋放入抽屉后停留约1秒，两个动作实例之间形成过渡区间。,call=interval prose=same_action_new_instance resolved_by=prose
recording_000218_batch3_raw_change_peak_t333.0,same_instance,not_applicable,legacy:batch3_pair_labels_v1_relabel_v1.csv,legacy:batch3_pair_labels_v1_relabel_v1.csv,,
recording_000218_batch3_raw_change_peak_t366.0,same_action_new_instance,gap,double_48,double_48,与000218/t123.1相同：双手把两只拖鞋放入桌子抽屉，随后依次取出再放回；拖鞋放入抽屉后停留约1秒，两个动作实例之间形成过渡区间。,call=interval prose=same_action_new_instance resolved_by=prose
recording_000219_batch3_gt_boundary_t427.0,cannot_determine,not_observable,double_48,double_48,右手逐个收起桌面小盒子；中间左右手不可见并停顿约1秒，随后一次性把所有小盒子放回桌面，两个动作之间有明显间隔。,call=interval prose=cannot_determine resolved_by=prose
recording_000219_batch3_raw_change_peak_t87.0,same_instance,not_applicable,legacy:batch3_pair_labels_v1_relabel_v1.csv,legacy:batch3_pair_labels_v1_relabel_v1.csv,,
recording_000220_early_t137.8,UNKNOWN,point,,legacy:pair_labels_v1.csv,,
recording_000220_early_t143.8,same_instance,UNKNOWN,relation_audit_54,,双手持续拿着拖鞋做重复的90度摆动与归位，中间没有release、idle或reset，属于同一连续实例。,confidence=3_sure
recording_000220_exact_t522.0,same_instance,not_applicable,ontology_37,ontology_37,始终是双手拿着拖鞋并改变朝向；快速逆时针/顺时针摆动只是同一动作内部的姿态和方向变化。,
recording_000220_false_mid_segment_t153.0,UNKNOWN,point,,legacy:pair_labels_v1.csv,,
recording_000220_missed_weak_signal_t289.5,UNKNOWN,point,,legacy:pair_labels_v1.csv,,
recording_000220_missed_weak_signal_t586.4,UNKNOWN,point,,legacy:pair_labels_v1.csv,,
recording_000224_early_t368.5,UNKNOWN,point,,legacy:pair_labels_v1.csv,,
recording_000224_false_mid_segment_t615.5,UNKNOWN,point,,legacy:pair_labels_v1.csv,,
recording_000224_missed_signal_present_not_top_t479.0,UNKNOWN,point,,legacy:pair_labels_v1.csv,,
recording_000224_missed_signal_present_not_top_t612.0,UNKNOWN,point,,legacy:pair_labels_v1.csv,,
recording_000224_missed_weak_signal_t398.0,UNKNOWN,point,,legacy:pair_labels_v1.csv,,
recording_000230_false_mid_segment_t404.5,UNKNOWN,point,,legacy:pair_labels_v1.csv,,
recording_000230_missed_signal_present_not_top_t190.0,UNKNOWN,point,,legacy:pair_labels_v1.csv,,
recording_000230_missed_signal_present_not_top_t253.0,UNKNOWN,point,,legacy:pair_labels_v1.csv,,
recording_000230_missed_signal_present_not_top_t397.0,UNKNOWN,point,,legacy:pair_labels_v1.csv,,
recording_000230_missed_signal_present_not_top_t632.5,UNKNOWN,point,,legacy:pair_labels_v1.csv,,
recording_000230_missed_signal_present_not_top_t650.0,UNKNOWN,point,,legacy:pair_labels_v1.csv,,
recording_000236_false_mid_segment_t386.0,UNKNOWN,point,,legacy:pair_labels_v1.csv,,
recording_000236_false_mid_segment_t449.5,UNKNOWN,point,,legacy:pair_labels_v1.csv,,
recording_000236_missed_signal_present_not_top_t102.0,UNKNOWN,point,,legacy:pair_labels_v1.csv,,
recording_000236_missed_signal_present_not_top_t548.5,UNKNOWN,point,,legacy:pair_labels_v1.csv,,
recording_000236_missed_signal_present_not_top_t572.8,UNKNOWN,point,,legacy:pair_labels_v1.csv,,
recording_000236_missed_weak_signal_t547.0,UNKNOWN,point,,legacy:pair_labels_v1.csv,,
recording_000242_false_mid_segment_t111.0,UNKNOWN,point,,legacy:pair_labels_v1.csv,,
recording_000242_false_near_edge_t29.5,same_instance,UNKNOWN,relation_audit_54,,从黑袋取出纸盒、叠好并用胶带封盒底，整个过程连续无disengagement；按当前task granularity视为同一纸盒处理实例。,confidence=2_lean
recording_000242_late_t143.5,same_action_new_instance,point,relation_audit_54,legacy:pair_labels_v1.csv,取下盒底胶带、压扁纸盒并放回黑袋后，手明显撤开idle；随后再次准备取纸盒，支持一次完整纸盒处理实例结束后重新开始下一实例。,confidence=2_lean
recording_000242_missed_signal_present_not_top_t156.5,same_instance,point,relation_audit_54,legacy:pair_labels_v1.csv,从黑袋取出纸盒、叠好并用胶带封盒底，中间没有release或idle；按当前task granularity视为同一连续纸盒处理实例。,confidence=2_lean
recording_000242_missed_signal_present_not_top_t164.5,UNKNOWN,point,,legacy:pair_labels_v1.csv,,
recording_000242_missed_weak_signal_t352.0,UNKNOWN,point,,legacy:pair_labels_v1.csv,,
recording_000250_duplicate_t645.0,UNKNOWN,point,,legacy:pair_labels_v1.csv,,
recording_000250_exact_t272.5,UNKNOWN,point,,legacy:pair_labels_v1.csv,,
recording_000250_exact_t590.0,terminal_action_end,point,relation_audit_54,legacy:pair_labels_v1.csv,把胶带从盒底取下、压扁纸盒并放回黑袋后，描述中没有后续有效动作；暂按动作结束且无后续实例处理。,confidence=2_lean
recording_000250_exact_t629.5,UNKNOWN,point,,legacy:pair_labels_v1.csv,,
recording_000250_missed_signal_present_not_top_t218.3,UNKNOWN,point,,legacy:pair_labels_v1.csv,,
recording_000265_early_t605.0,UNKNOWN,point,,legacy:pair_labels_v1.csv,,
recording_000265_early_t88.0,UNKNOWN,point,,legacy:pair_labels_v1.csv,,
recording_000265_exact_t495.0,UNKNOWN,point,,legacy:pair_labels_v1.csv,,
recording_000265_false_mid_segment_t315.0,UNKNOWN,point,,legacy:pair_labels_v1.csv,,
recording_000265_false_near_edge_t165.5,UNKNOWN,point,,legacy:pair_labels_v1.csv,,
recording_000265_missed_signal_present_not_top_t298.5,UNKNOWN,point,,legacy:pair_labels_v1.csv,,
recording_000272_early_t576.5,UNKNOWN,point,,legacy:pair_labels_v1.csv,,
recording_000272_false_mid_segment_t320.0,UNKNOWN,point,,legacy:pair_labels_v1.csv,,
recording_000272_false_mid_segment_t618.5,UNKNOWN,point,,legacy:pair_labels_v1.csv,,
recording_000272_missed_signal_present_not_top_t265.9,UNKNOWN,point,,legacy:pair_labels_v1.csv,,
recording_000272_missed_weak_signal_t367.0,UNKNOWN,point,,legacy:pair_labels_v1.csv,,
recording_000272_missed_weak_signal_t577.5,UNKNOWN,point,,legacy:pair_labels_v1.csv,,
recording_000282_exact_t544.5,UNKNOWN,point,,legacy:pair_labels_v1.csv,,
recording_000282_false_mid_segment_t204.0,UNKNOWN,point,,legacy:pair_labels_v1.csv,,
recording_000282_false_mid_segment_t412.5,same_instance,not_applicable,ontology_37,ontology_37,全程是在用胶带封住纸箱开口，属于同一个封箱动作。,
recording_000282_missed_signal_present_not_top_t493.0,UNKNOWN,point,,legacy:pair_labels_v1.csv,,
recording_000320_exact_t548.2,UNKNOWN,point,,legacy:pair_labels_v1.csv,,
recording_000320_false_near_edge_t41.5,UNKNOWN,point,,legacy:pair_labels_v1.csv,,
recording_000320_false_near_edge_t461.0,UNKNOWN,point,,legacy:pair_labels_v1.csv,,
recording_000325_exact_t461.8,UNKNOWN,point,,legacy:pair_labels_v1.csv,,
recording_000325_exact_t594.9,UNKNOWN,point,,legacy:pair_labels_v1.csv,,
recording_000325_false_mid_segment_t569.5,UNKNOWN,point,,legacy:pair_labels_v1.csv,,
recording_000325_late_t40.5,same_action_new_instance,point,relation_audit_54,legacy:pair_labels_v1.csv,打开瓶子、倒液体并搅拌的一轮操作完成后手明显idle，随后再次打开瓶盖并倒液体，属于同一动作序列的新实例。,confidence=3_sure
recording_000325_missed_signal_present_not_top_t136.5,UNKNOWN,UNKNOWN,,,,
recording_000325_missed_signal_present_not_top_t32.5,UNKNOWN,point,,legacy:pair_labels_v1.csv,,
recording_000327_duplicate_t11.5,same_action_new_instance,UNKNOWN,relation_audit_54,,一轮开瓶、倒液体并搅拌后手明显idle，随后再次打开瓶盖开始下一轮同类操作，存在清晰reset和re-engagement。,confidence=3_sure
recording_000327_false_mid_segment_t156.0,UNKNOWN,point,,legacy:pair_labels_v1.csv,,
recording_000343_false_mid_segment_t274.5,UNKNOWN,point,,legacy:pair_labels_v1.csv,,
recording_000343_false_mid_segment_t400.5,UNKNOWN,point,,legacy:pair_labels_v1.csv,,
recording_000343_false_mid_segment_t547.0,same_instance,not_applicable,legacy:pair_labels_v1.csv,legacy:pair_labels_v1.csv,,
recording_000343_false_near_edge_t222.5,UNKNOWN,point,,legacy:pair_labels_v1.csv,,
recording_000343_late_t628.5,UNKNOWN,point,,legacy:pair_labels_v1.csv,,
recording_000343_missed_signal_present_not_top_t445.2,UNKNOWN,point,,legacy:pair_labels_v1.csv,,
recording_000385_false_gap_t348.0,same_instance,not_applicable,legacy:pair_labels_v1.csv,legacy:pair_labels_v1.csv,,
recording_000385_false_mid_segment_t209.0,same_instance,not_applicable,legacy:pair_labels_v1.csv,legacy:pair_labels_v1.csv,,
recording_000385_false_mid_segment_t266.5,same_instance,not_applicable,legacy:pair_labels_v1.csv,legacy:pair_labels_v1.csv,,
recording_000385_false_mid_segment_t412.5,same_instance,not_applicable,legacy:pair_labels_v1.csv,legacy:pair_labels_v1.csv,,
recording_000385_false_near_edge_t577.5,same_instance,not_applicable,legacy:pair_labels_v1.csv,legacy:pair_labels_v1.csv,,
recording_000385_late_t84.5,UNKNOWN,point,,legacy:pair_labels_v1.csv,,
recording_000388_false_mid_segment_t124.5,same_instance,not_applicable,ontology_37,ontology_37,secure 保鲜膜、持膜杆并撕下保鲜膜按当前颗粒度属于同一个 wrapping/covering 动作内部阶段。,
recording_000388_false_mid_segment_t375.5,same_instance,not_applicable,ontology_37,ontology_37,secure 保鲜膜到持膜杆/撕膜属于同一个 wrapping 动作内部阶段；约377秒有局部模式改变但不达到 segment boundary 粒度。,
recording_000388_false_mid_segment_t618.0,same_instance,not_applicable,ontology_37,ontology_37,扯开保鲜膜、封到碗上并按压碗口属于一个完整 wrapping action。,
recording_000388_false_mid_segment_t63.0,same_instance,not_applicable,legacy:pair_labels_v1.csv,legacy:pair_labels_v1.csv,,
recording_000388_false_mid_segment_t67.5,same_instance,not_applicable,legacy:pair_labels_v1.csv,legacy:pair_labels_v1.csv,,
recording_000388_missed_signal_present_not_top_t601.8,same_instance,not_applicable,legacy:pair_labels_v1.csv,legacy:pair_labels_v1.csv,,
recording_000391_false_near_edge_t242.5,UNKNOWN,point,,legacy:pair_labels_v1.csv,,
recording_000391_late_t286.5,UNKNOWN,UNKNOWN,,,,
recording_000406_duplicate_t571.0,same_instance,point,relation_audit_54,legacy:pair_labels_v1.csv,撕下保鲜膜罩在碗上并继续整理碗上的保鲜膜，中间没有release/reset，属于同一连续wrapping实例。,confidence=3_sure
recording_000406_exact_t490.3,same_instance,not_applicable,ontology_37,ontology_37,同一个碗上一直铺保鲜膜，从压平到撕膜属于同一 wrapping action 的内部阶段。,
recording_000406_false_mid_segment_t29.5,same_instance,not_applicable,ontology_37,ontology_37,扯开保鲜膜、覆盖到碗上并按压碗口属于同一个动作。,
recording_000406_false_mid_segment_t595.5,same_instance,not_applicable,legacy:pair_labels_v1.csv,legacy:pair_labels_v1.csv,,
recording_000406_false_near_edge_t455.5,same_instance,not_applicable,legacy:pair_labels_v1.csv,legacy:pair_labels_v1.csv,,
recording_000406_missed_weak_signal_t556.6,same_instance,not_applicable,ontology_37,ontology_37,扯开保鲜膜、覆盖到碗上并按压碗口属于同一个动作。,
recording_000419_false_mid_segment_t137.0,same_instance,not_applicable,legacy:pair_labels_v1.csv,legacy:pair_labels_v1.csv,,
recording_000419_false_mid_segment_t286.5,same_instance,not_applicable,legacy:pair_labels_v1.csv,legacy:pair_labels_v1.csv,,
recording_000419_false_mid_segment_t605.5,same_instance,not_applicable,ontology_37,ontology_37,扯膜、覆盖、撕开并双手按压碗口共同组成一个完整 wrapping action。,
recording_000419_false_mid_segment_t618.0,same_instance,not_applicable,legacy:pair_labels_v1.csv,legacy:pair_labels_v1.csv,,
recording_000419_false_near_edge_t309.5,UNKNOWN,point,,legacy:pair_labels_v1.csv,,
recording_000419_missed_weak_signal_t688.9,cannot_determine,not_observable,legacy:pair_labels_v1.csv,legacy:pair_labels_v1.csv,,
recording_000422_false_mid_segment_t228.5,same_instance,not_applicable,legacy:pair_labels_v1.csv,legacy:pair_labels_v1.csv,,
recording_000422_false_mid_segment_t381.0,same_instance,not_applicable,legacy:pair_labels_v1.csv,legacy:pair_labels_v1.csv,,
recording_000422_false_mid_segment_t561.0,same_instance,not_applicable,legacy:pair_labels_v1.csv,legacy:pair_labels_v1.csv,,
recording_000422_false_near_edge_t458.0,UNKNOWN,point,,legacy:pair_labels_v1.csv,,
recording_000422_missed_signal_present_not_top_t312.7,UNKNOWN,point,,legacy:pair_labels_v1.csv,,
recording_000423_false_mid_segment_t590.0,same_instance,not_applicable,legacy:pair_labels_v1.csv,legacy:pair_labels_v1.csv,,
recording_000431_false_mid_segment_t271.0,same_instance,not_applicable,legacy:pair_labels_v1.csv,legacy:pair_labels_v1.csv,,
recording_000431_false_mid_segment_t427.5,same_instance,not_applicable,ontology_37,ontology_37,视频仅展示左手持续扯开保鲜膜，没有观察到达到 task-level 粒度的新动作。,
recording_000431_false_mid_segment_t470.5,same_instance,not_applicable,legacy:pair_labels_v1.csv,legacy:pair_labels_v1.csv,,
recording_000431_false_near_edge_t262.0,same_instance,not_applicable,legacy:pair_labels_v1.csv,legacy:pair_labels_v1.csv,,
recording_000431_false_near_edge_t440.5,same_instance,not_applicable,ontology_37,ontology_37,把保鲜膜封到碗上并用左手固定碗，仍属于同一个 wrapping/covering 动作。,
recording_000431_missed_signal_present_not_top_t178.2,new_action,UNKNOWN,relation_audit_54,,把手中的保鲜膜团起并扔掉后，短暂扶手机，随后开始扯开新的保鲜膜；task-level action从丢弃旧膜转为准备新膜。,confidence=3_sure
recording_000438_false_mid_segment_t224.0,same_instance,not_applicable,legacy:pair_labels_v1.csv,legacy:pair_labels_v1.csv,,
recording_000438_false_mid_segment_t476.0,same_instance,not_applicable,ontology_37,ontology_37,左手扯膜、覆盖到碗上并撕开保鲜膜属于同一个 wrapping action。,
recording_000438_false_mid_segment_t53.0,same_instance,not_applicable,legacy:pair_labels_v1.csv,legacy:pair_labels_v1.csv,,
recording_000438_false_mid_segment_t575.0,same_instance,not_applicable,legacy:pair_labels_v1.csv,legacy:pair_labels_v1.csv,,
recording_000438_missed_signal_present_not_top_t181.0,cannot_determine,UNKNOWN,relation_audit_54,,丢弃旧保鲜膜后视角移开，关键手部交互不在画面中；之后只看到手重新拿起保鲜膜杆，无法可靠确定中间relation。,confidence=2_lean
recording_000438_missed_signal_present_not_top_t182.0,UNKNOWN,point,,legacy:pair_labels_v1.csv,,
recording_000465_early_t100.9,UNKNOWN,point,,legacy:pair_labels_v1.csv,,
recording_000465_early_t599.0,UNKNOWN,point,,ontology_37,双手整理数据线后，右手打开柜子并把数据线放入；从整理到收纳的 task goal 在短时间内明确改变。,
recording_000465_false_gap_t247.0,UNKNOWN,point,,legacy:pair_labels_v1.csv,,
recording_000465_false_mid_segment_t166.5,UNKNOWN,point,,legacy:pair_labels_v1.csv,,
recording_000465_false_near_edge_t489.0,UNKNOWN,point,,legacy:pair_labels_v1.csv,,
recording_000465_missed_signal_present_not_top_t66.1,UNKNOWN,point,,legacy:pair_labels_v1.csv,,
recording_000471_missed_weak_signal_t485.4,same_instance,not_applicable,legacy:pair_labels_v1.csv,legacy:pair_labels_v1.csv,,
