priority,priority_reason,event_id,recording_id,t,current_binary_role,raw_left_right_distance,nearest_other_audited_event_s,temporal_pair_subtype,pair_supervision,notes,prev_segment_label,next_segment_label,containing_segment_label,clip_path,contact_sheet_path,score_plot_path
1,contradicts_raw_geometry_positive,recording_000220_exact_t522.0,recording_000220,522.0,positive,1.2e-05,64.4,same_action_internal_motion,,,,Slipper inspection cycle,,/workspace/tr1/results/boundary/error_audit/media/recording_000220_exact_t522.0.mp4,/workspace/tr1/results/boundary/error_audit/media/recording_000220_exact_t522.0_contact_sheet.png,/workspace/tr1/results/boundary/error_audit/media/recording_000220_exact_t522.0_score_plot.png
1,contradicts_raw_geometry_positive,recording_000325_missed_signal_present_not_top_t32.5,recording_000325,32.5,positive,1.6e-05,8.5,sharp_visible_transition,,,,Apply liquid to pan with brush,,/workspace/tr1/results/hal/batch2_media/media/recording_000325_missed_signal_present_not_top_t32.5.mp4,/workspace/tr1/results/hal/batch2_media/media/recording_000325_missed_signal_present_not_top_t32.5_contact_sheet.png,/workspace/tr1/results/hal/batch2_media/media/recording_000325_missed_signal_present_not_top_t32.5_score_plot.png
1,contradicts_raw_geometry_positive,recording_000213_late_t43.0,recording_000213,43.5,positive,2.5e-05,107.0,sharp_visible_transition,,,Clean sink drain strainer,,,/workspace/tr1/results/boundary/error_audit/media/recording_000213_late_t43.0.mp4,/workspace/tr1/results/boundary/error_audit/media/recording_000213_late_t43.0_contact_sheet.png,/workspace/tr1/results/boundary/error_audit/media/recording_000213_late_t43.0_score_plot.png
1,contradicts_raw_geometry_positive,recording_000116_exact_t435.2,recording_000116,435.0,positive,2.5e-05,127.0,sharp_visible_transition,,,,Cleaning countertop with squeegee,,/workspace/tr1/results/boundary/error_audit/media/recording_000116_exact_t435.2.mp4,/workspace/tr1/results/boundary/error_audit/media/recording_000116_exact_t435.2_contact_sheet.png,/workspace/tr1/results/boundary/error_audit/media/recording_000116_exact_t435.2_score_plot.png
1,contradicts_raw_geometry_positive,recording_000150_missed_weak_signal_t9.5,recording_000150,9.5,positive,3.5e-05,24.5,same_action_internal_motion,,,,Flip remote control to opposite side,,/workspace/tr1/results/boundary/error_audit/media/recording_000150_missed_weak_signal_t9.5.mp4,/workspace/tr1/results/boundary/error_audit/media/recording_000150_missed_weak_signal_t9.5_contact_sheet.png,/workspace/tr1/results/boundary/error_audit/media/recording_000150_missed_weak_signal_t9.5_score_plot.png
1,contradicts_raw_geometry_positive,recording_000230_missed_signal_present_not_top_t650.0,recording_000230,650.0,positive,3.5e-05,17.5,sharp_visible_transition,,,Place item into cardboard box,,,/workspace/tr1/results/hal/batch2_media/media/recording_000230_missed_signal_present_not_top_t650.0.mp4,/workspace/tr1/results/hal/batch2_media/media/recording_000230_missed_signal_present_not_top_t650.0_contact_sheet.png,/workspace/tr1/results/hal/batch2_media/media/recording_000230_missed_signal_present_not_top_t650.0_score_plot.png
1,contradicts_raw_geometry_positive,recording_000046_missed_signal_present_not_top_t378.7,recording_000046,378.7,positive,4.3e-05,,sharp_visible_transition,,,Retrieving sheet from pack,Folding sheet,,/workspace/tr1/results/boundary/error_audit/media/recording_000046_missed_signal_present_not_top_t378.7.mp4,/workspace/tr1/results/boundary/error_audit/media/recording_000046_missed_signal_present_not_top_t378.7_contact_sheet.png,/workspace/tr1/results/boundary/error_audit/media/recording_000046_missed_signal_present_not_top_t378.7_score_plot.png
1,contradicts_raw_geometry_positive,recording_000327_duplicate_t11.5,recording_000327,11.5,positive,4.4e-05,144.5,annotation_convention,,,,,,/workspace/tr1/results/hal/batch2_media/media/recording_000327_duplicate_t11.5.mp4,/workspace/tr1/results/hal/batch2_media/media/recording_000327_duplicate_t11.5_contact_sheet.png,/workspace/tr1/results/hal/batch2_media/media/recording_000327_duplicate_t11.5_score_plot.png
1,contradicts_raw_geometry_positive,recording_000030_late_t501.0,recording_000030,501.5,positive,4.8e-05,54.5,sharp_visible_transition,,,Move water bottle from table center to left,,,/workspace/tr1/results/boundary/error_audit/media/recording_000030_late_t501.0.mp4,/workspace/tr1/results/boundary/error_audit/media/recording_000030_late_t501.0_contact_sheet.png,/workspace/tr1/results/boundary/error_audit/media/recording_000030_late_t501.0_score_plot.png
1,contradicts_raw_geometry_positive,recording_000188_missed_signal_present_not_top_t39.0,recording_000188,39.0,positive,5.1e-05,14.0,sharp_visible_transition,,,Inspect first portable charger,Repack first portable charger and close product box,,/workspace/tr1/results/boundary/error_audit/media/recording_000188_missed_signal_present_not_top_t39.0.mp4,/workspace/tr1/results/boundary/error_audit/media/recording_000188_missed_signal_present_not_top_t39.0_contact_sheet.png,/workspace/tr1/results/boundary/error_audit/media/recording_000188_missed_signal_present_not_top_t39.0_score_plot.png
1,contradicts_raw_geometry_positive,recording_000176_false_mid_segment_t90.5,recording_000176,90.5,positive,5.2e-05,98.0,sharp_visible_transition,,,,,Install sink strainer,/workspace/tr1/results/boundary/error_audit/media/recording_000176_false_mid_segment_t90.5.mp4,/workspace/tr1/results/boundary/error_audit/media/recording_000176_false_mid_segment_t90.5_contact_sheet.png,/workspace/tr1/results/boundary/error_audit/media/recording_000176_false_mid_segment_t90.5_score_plot.png
1,contradicts_raw_geometry_positive,recording_000343_missed_signal_present_not_top_t445.2,recording_000343,445.2,positive,5.6e-05,44.7,sharp_visible_transition,,,Apply liquid to pan with brush from bottle,,,/workspace/tr1/results/hal/batch2_media/media/recording_000343_missed_signal_present_not_top_t445.2.mp4,/workspace/tr1/results/hal/batch2_media/media/recording_000343_missed_signal_present_not_top_t445.2_contact_sheet.png,/workspace/tr1/results/hal/batch2_media/media/recording_000343_missed_signal_present_not_top_t445.2_score_plot.png
1,contradicts_raw_geometry_positive,recording_000343_late_t628.5,recording_000343,629.0,positive,6.1e-05,82.0,sharp_visible_transition,,,apply liquid coat to pan,,,/workspace/tr1/results/hal/batch2_media/media/recording_000343_late_t628.5.mp4,/workspace/tr1/results/hal/batch2_media/media/recording_000343_late_t628.5_contact_sheet.png,/workspace/tr1/results/hal/batch2_media/media/recording_000343_late_t628.5_score_plot.png
1,contradicts_raw_geometry_positive,recording_000282_false_mid_segment_t204.0,recording_000282,204.0,positive,7e-05,208.5,sharp_visible_transition,,,,,Assemble and seal cardboard box,/workspace/tr1/results/hal/batch2_media/media/recording_000282_false_mid_segment_t204.0.mp4,/workspace/tr1/results/hal/batch2_media/media/recording_000282_false_mid_segment_t204.0_contact_sheet.png,/workspace/tr1/results/hal/batch2_media/media/recording_000282_false_mid_segment_t204.0_score_plot.png
1,contradicts_raw_geometry_positive,recording_000181_late_t73.5,recording_000181,74.0,positive,8.7e-05,19.5,sharp_visible_transition,,,Clean sink drain strainer,Rinse and reseat sink drain strainer,,/workspace/tr1/results/boundary/error_audit/media/recording_000181_late_t73.5.mp4,/workspace/tr1/results/boundary/error_audit/media/recording_000181_late_t73.5_contact_sheet.png,/workspace/tr1/results/boundary/error_audit/media/recording_000181_late_t73.5_score_plot.png
1,contradicts_raw_geometry_positive,recording_000102_missed_weak_signal_t95.0,recording_000102,95.0,positive,9e-05,68.5,sharp_visible_transition,,,Fold and unfold a paper sheet,Fold and unfold a paper sheet,,/workspace/tr1/results/boundary/error_audit/media/recording_000102_missed_weak_signal_t95.0.mp4,/workspace/tr1/results/boundary/error_audit/media/recording_000102_missed_weak_signal_t95.0_contact_sheet.png,/workspace/tr1/results/boundary/error_audit/media/recording_000102_missed_weak_signal_t95.0_score_plot.png
1,contradicts_raw_geometry_positive,recording_000325_missed_signal_present_not_top_t136.5,recording_000325,136.5,positive,9.3e-05,95.5,annotation_convention,,,,Apply liquid to pan with brush,,/workspace/tr1/results/hal/batch2_media/media/recording_000325_missed_signal_present_not_top_t136.5.mp4,/workspace/tr1/results/hal/batch2_media/media/recording_000325_missed_signal_present_not_top_t136.5_contact_sheet.png,/workspace/tr1/results/hal/batch2_media/media/recording_000325_missed_signal_present_not_top_t136.5_score_plot.png
1,contradicts_raw_geometry_positive,recording_000438_missed_signal_present_not_top_t182.0,recording_000438,182.0,positive,9.5e-05,1.0,sharp_visible_transition,,wrap roll enters frame and starts being picked up and manipulated,Manipulate small transparent object,Retrieve plastic wrap roll,,/workspace/tr1/results/hal/batch2_media/media/recording_000438_missed_signal_present_not_top_t182.0.mp4,/workspace/tr1/results/hal/batch2_media/media/recording_000438_missed_signal_present_not_top_t182.0_contact_sheet.png,/workspace/tr1/results/hal/batch2_media/media/recording_000438_missed_signal_present_not_top_t182.0_score_plot.png
1,contradicts_raw_geometry_positive,recording_000320_exact_t548.2,recording_000320,548.0,positive,0.0001,87.0,sharp_visible_transition,,,Pour liquid from bottle into pan,,,/workspace/tr1/results/hal/batch2_media/media/recording_000320_exact_t548.2.mp4,/workspace/tr1/results/hal/batch2_media/media/recording_000320_exact_t548.2_contact_sheet.png,/workspace/tr1/results/hal/batch2_media/media/recording_000320_exact_t548.2_score_plot.png
1,contradicts_raw_geometry_positive,recording_000181_false_near_edge_t564.0,recording_000181,564.0,positive,0.000101,330.5,sharp_visible_transition,,,,,Clean sink drain strainer and wipe sink basin,/workspace/tr1/results/boundary/error_audit/media/recording_000181_false_near_edge_t564.0.mp4,/workspace/tr1/results/boundary/error_audit/media/recording_000181_false_near_edge_t564.0_contact_sheet.png,/workspace/tr1/results/boundary/error_audit/media/recording_000181_false_near_edge_t564.0_score_plot.png
2,contradicts_raw_geometry_negative,recording_000438_missed_signal_present_not_top_t181.0,recording_000438,181.0,motion_hard_negative,0.004718,1.0,camera_or_viewpoint_shift,,hand leaves frame while the whole view/scene shifts; no visible new object interaction,,Manipulate small transparent object,,/workspace/tr1/results/hal/batch2_media/media/recording_000438_missed_signal_present_not_top_t181.0.mp4,/workspace/tr1/results/hal/batch2_media/media/recording_000438_missed_signal_present_not_top_t181.0_contact_sheet.png,/workspace/tr1/results/hal/batch2_media/media/recording_000438_missed_signal_present_not_top_t181.0_score_plot.png
2,contradicts_raw_geometry_negative,recording_000431_false_mid_segment_t427.5,recording_000431,427.5,motion_hard_negative,0.001066,13.0,same_action_internal_motion,,,,,Unroll and tear plastic wrap sheet,/workspace/tr1/results/hal/batch2_media/media/recording_000431_false_mid_segment_t427.5.mp4,/workspace/tr1/results/hal/batch2_media/media/recording_000431_false_mid_segment_t427.5_contact_sheet.png,/workspace/tr1/results/hal/batch2_media/media/recording_000431_false_mid_segment_t427.5_score_plot.png
2,contradicts_raw_geometry_negative,recording_000102_missed_weak_signal_t23.5,recording_000102,23.5,motion_hard_negative,0.001015,71.5,same_action_internal_motion,,,Second fold and press tissue,Third fold and press tissue,,/workspace/tr1/results/boundary/error_audit/media/recording_000102_missed_weak_signal_t23.5.mp4,/workspace/tr1/results/boundary/error_audit/media/recording_000102_missed_weak_signal_t23.5_contact_sheet.png,/workspace/tr1/results/boundary/error_audit/media/recording_000102_missed_weak_signal_t23.5_score_plot.png
2,contradicts_raw_geometry_negative,recording_000406_missed_weak_signal_t556.6,recording_000406,556.6,motion_hard_negative,0.000844,14.4,same_action_internal_motion,,"holding roll, locating the film edge, gradually starting to pull; continuous process",Pick up plastic wrap roll and locate edge,Unroll a sheet of plastic wrap,,/workspace/tr1/results/hal/batch2_media/media/recording_000406_missed_weak_signal_t556.6.mp4,/workspace/tr1/results/hal/batch2_media/media/recording_000406_missed_weak_signal_t556.6_contact_sheet.png,/workspace/tr1/results/hal/batch2_media/media/recording_000406_missed_weak_signal_t556.6_score_plot.png
2,contradicts_raw_geometry_negative,recording_000438_false_mid_segment_t476.0,recording_000438,476.0,motion_hard_negative,0.00077,99.0,same_action_internal_motion,,,,,Unroll plastic wrap from roll and position over bowl,/workspace/tr1/results/hal/batch2_media/media/recording_000438_false_mid_segment_t476.0.mp4,/workspace/tr1/results/hal/batch2_media/media/recording_000438_false_mid_segment_t476.0_contact_sheet.png,/workspace/tr1/results/hal/batch2_media/media/recording_000438_false_mid_segment_t476.0_score_plot.png
2,contradicts_raw_geometry_negative,recording_000406_false_mid_segment_t595.5,recording_000406,595.5,motion_hard_negative,0.000734,24.5,same_action_internal_motion,,continuous pressing/smoothing of plastic wrap along the bowl rim; intent and interaction target unchanged,,,Seal plastic wrap around bowl rim,/workspace/tr1/results/hal/batch2_media/media/recording_000406_false_mid_segment_t595.5.mp4,/workspace/tr1/results/hal/batch2_media/media/recording_000406_false_mid_segment_t595.5_contact_sheet.png,/workspace/tr1/results/hal/batch2_media/media/recording_000406_false_mid_segment_t595.5_score_plot.png
2,contradicts_raw_geometry_negative,recording_000423_false_mid_segment_t590.0,recording_000423,590.0,motion_hard_negative,0.000529,,same_action_internal_motion,,,,,Cover bowl with plastic cling wrap,/workspace/tr1/results/hal/batch2_media/media/recording_000423_false_mid_segment_t590.0.mp4,/workspace/tr1/results/hal/batch2_media/media/recording_000423_false_mid_segment_t590.0_contact_sheet.png,/workspace/tr1/results/hal/batch2_media/media/recording_000423_false_mid_segment_t590.0_score_plot.png
2,contradicts_raw_geometry_negative,recording_000406_duplicate_t571.0,recording_000406,571.0,motion_hard_negative,0.000518,14.4,sharp_visible_transition,,,,,Seal plastic wrap around bowl rim,/workspace/tr1/results/hal/batch2_media/media/recording_000406_duplicate_t571.0.mp4,/workspace/tr1/results/hal/batch2_media/media/recording_000406_duplicate_t571.0_contact_sheet.png,/workspace/tr1/results/hal/batch2_media/media/recording_000406_duplicate_t571.0_score_plot.png
2,contradicts_raw_geometry_negative,recording_000406_exact_t490.3,recording_000406,490.5,motion_hard_negative,0.000497,35.0,same_action_internal_motion,,pulling wrap gradually becomes laying it over the bowl; no clear instantaneous switch point,Handling plastic wrap roll,Position wrap over bowl opening,,/workspace/tr1/results/hal/batch2_media/media/recording_000406_exact_t490.3.mp4,/workspace/tr1/results/hal/batch2_media/media/recording_000406_exact_t490.3_contact_sheet.png,/workspace/tr1/results/hal/batch2_media/media/recording_000406_exact_t490.3_score_plot.png
2,contradicts_raw_geometry_negative,recording_000419_missed_weak_signal_t688.9,recording_000419,688.9,motion_hard_negative,0.000488,70.9,visibility_or_offscreen,,"continues crumpling plastic, then hands and object leave frame; bin and the discard action are never visible",Crumpling discarded plastic packaging,Discarding crumpled plastic in trash bin,,/workspace/tr1/results/hal/batch2_media/media/recording_000419_missed_weak_signal_t688.9.mp4,/workspace/tr1/results/hal/batch2_media/media/recording_000419_missed_weak_signal_t688.9_contact_sheet.png,/workspace/tr1/results/hal/batch2_media/media/recording_000419_missed_weak_signal_t688.9_score_plot.png
2,contradicts_raw_geometry_negative,recording_000105_false_gap_t501.5,recording_000105,501.5,motion_hard_negative,0.000471,4.0,same_action_internal_motion,,,,,,/workspace/tr1/results/boundary/error_audit/media/recording_000105_false_gap_t501.5.mp4,/workspace/tr1/results/boundary/error_audit/media/recording_000105_false_gap_t501.5_contact_sheet.png,/workspace/tr1/results/boundary/error_audit/media/recording_000105_false_gap_t501.5_score_plot.png
2,contradicts_raw_geometry_negative,recording_000102_false_mid_segment_t439.0,recording_000102,439.0,motion_hard_negative,0.000464,32.5,same_action_internal_motion,,,,,fold and unfold tissue,/workspace/tr1/results/boundary/error_audit/media/recording_000102_false_mid_segment_t439.0.mp4,/workspace/tr1/results/boundary/error_audit/media/recording_000102_false_mid_segment_t439.0_contact_sheet.png,/workspace/tr1/results/boundary/error_audit/media/recording_000102_false_mid_segment_t439.0_score_plot.png
2,contradicts_raw_geometry_negative,recording_000193_missed_signal_present_not_top_t264.2,recording_000193,264.2,motion_hard_negative,0.000458,,same_action_internal_motion,,,,Telescopic rod extend-retract cycle,,/workspace/tr1/results/boundary/error_audit/media/recording_000193_missed_signal_present_not_top_t264.2.mp4,/workspace/tr1/results/boundary/error_audit/media/recording_000193_missed_signal_present_not_top_t264.2_contact_sheet.png,/workspace/tr1/results/boundary/error_audit/media/recording_000193_missed_signal_present_not_top_t264.2_score_plot.png
2,contradicts_raw_geometry_negative,recording_000116_false_near_edge_t562.0,recording_000116,562.0,motion_hard_negative,0.000406,127.0,same_action_internal_motion,,,,,Cleaning countertop with squeegee,/workspace/tr1/results/boundary/error_audit/media/recording_000116_false_near_edge_t562.0.mp4,/workspace/tr1/results/boundary/error_audit/media/recording_000116_false_near_edge_t562.0_contact_sheet.png,/workspace/tr1/results/boundary/error_audit/media/recording_000116_false_near_edge_t562.0_score_plot.png
2,contradicts_raw_geometry_negative,recording_000343_false_mid_segment_t274.5,recording_000343,274.5,motion_hard_negative,0.000383,52.0,sharp_visible_transition,,,,,Coat pan with liquid using spatula,/workspace/tr1/results/hal/batch2_media/media/recording_000343_false_mid_segment_t274.5.mp4,/workspace/tr1/results/hal/batch2_media/media/recording_000343_false_mid_segment_t274.5_contact_sheet.png,/workspace/tr1/results/hal/batch2_media/media/recording_000343_false_mid_segment_t274.5_score_plot.png
2,contradicts_raw_geometry_negative,recording_000220_false_mid_segment_t153.0,recording_000220,153.0,motion_hard_negative,0.000369,9.5,sharp_visible_transition,,,,,Slipper pair flip cycle,/workspace/tr1/results/boundary/error_audit/media/recording_000220_false_mid_segment_t153.0.mp4,/workspace/tr1/results/boundary/error_audit/media/recording_000220_false_mid_segment_t153.0_contact_sheet.png,/workspace/tr1/results/boundary/error_audit/media/recording_000220_false_mid_segment_t153.0_score_plot.png
2,contradicts_raw_geometry_negative,recording_000388_false_mid_segment_t618.0,recording_000388,618.0,motion_hard_negative,0.000349,16.2,same_action_internal_motion,,,,,Unroll plastic wrap to required length,/workspace/tr1/results/hal/batch2_media/media/recording_000388_false_mid_segment_t618.0.mp4,/workspace/tr1/results/hal/batch2_media/media/recording_000388_false_mid_segment_t618.0_contact_sheet.png,/workspace/tr1/results/hal/batch2_media/media/recording_000388_false_mid_segment_t618.0_score_plot.png
2,contradicts_raw_geometry_negative,recording_000110_false_gap_t178.5,recording_000110,178.5,motion_hard_negative,0.000314,325.5,same_action_internal_motion,,,,,,/workspace/tr1/results/boundary/error_audit/media/recording_000110_false_gap_t178.5.mp4,/workspace/tr1/results/boundary/error_audit/media/recording_000110_false_gap_t178.5_contact_sheet.png,/workspace/tr1/results/boundary/error_audit/media/recording_000110_false_gap_t178.5_score_plot.png
2,contradicts_raw_geometry_negative,recording_000422_false_mid_segment_t561.0,recording_000422,561.0,motion_hard_negative,0.000314,103.0,same_action_internal_motion,,,,,Inspecting the covered bowl,/workspace/tr1/results/hal/batch2_media/media/recording_000422_false_mid_segment_t561.0.mp4,/workspace/tr1/results/hal/batch2_media/media/recording_000422_false_mid_segment_t561.0_contact_sheet.png,/workspace/tr1/results/hal/batch2_media/media/recording_000422_false_mid_segment_t561.0_score_plot.png
2,contradicts_raw_geometry_negative,recording_000343_false_mid_segment_t547.0,recording_000343,547.0,motion_hard_negative,0.000314,82.0,same_action_internal_motion,,,,,Pan liquid application cycle,/workspace/tr1/results/hal/batch2_media/media/recording_000343_false_mid_segment_t547.0.mp4,/workspace/tr1/results/hal/batch2_media/media/recording_000343_false_mid_segment_t547.0_contact_sheet.png,/workspace/tr1/results/hal/batch2_media/media/recording_000343_false_mid_segment_t547.0_score_plot.png
3,systematic_recording_error,recording_000406_false_near_edge_t455.5,recording_000406,455.5,motion_hard_negative,0.000235,35.0,same_action_internal_motion,,,,,Cover bowl with new cling film from roll,/workspace/tr1/results/hal/batch2_media/media/recording_000406_false_near_edge_t455.5.mp4,/workspace/tr1/results/hal/batch2_media/media/recording_000406_false_near_edge_t455.5_contact_sheet.png,/workspace/tr1/results/hal/batch2_media/media/recording_000406_false_near_edge_t455.5_score_plot.png
3,systematic_recording_error,recording_000406_false_mid_segment_t29.5,recording_000406,29.5,motion_hard_negative,0.000286,426.0,same_action_internal_motion,,,,,Drape plastic wrap over the bowl,/workspace/tr1/results/hal/batch2_media/media/recording_000406_false_mid_segment_t29.5.mp4,/workspace/tr1/results/hal/batch2_media/media/recording_000406_false_mid_segment_t29.5_contact_sheet.png,/workspace/tr1/results/hal/batch2_media/media/recording_000406_false_mid_segment_t29.5_score_plot.png
4,window_contamination_suspect,recording_000102_early_t164.0,recording_000102,163.5,motion_hard_negative,8.3e-05,1.0,same_action_internal_motion,,,Fold and crease sheet edge,Fold and crease sheet edge,,/workspace/tr1/results/boundary/error_audit/media/recording_000102_early_t164.0.mp4,/workspace/tr1/results/boundary/error_audit/media/recording_000102_early_t164.0_contact_sheet.png,/workspace/tr1/results/boundary/error_audit/media/recording_000102_early_t164.0_score_plot.png
4,window_contamination_suspect,recording_000272_early_t576.5,recording_000272,576.0,positive,0.000175,1.5,sharp_visible_transition,,,,Insert U-disk into the box,,/workspace/tr1/results/hal/batch2_media/media/recording_000272_early_t576.5.mp4,/workspace/tr1/results/hal/batch2_media/media/recording_000272_early_t576.5_contact_sheet.png,/workspace/tr1/results/hal/batch2_media/media/recording_000272_early_t576.5_score_plot.png
4,window_contamination_suspect,recording_000236_missed_weak_signal_t547.0,recording_000236,547.0,positive,0.000491,1.5,sharp_visible_transition,,,Inspect cardboard box interior,Close cardboard box top flaps,,/workspace/tr1/results/hal/batch2_media/media/recording_000236_missed_weak_signal_t547.0.mp4,/workspace/tr1/results/hal/batch2_media/media/recording_000236_missed_weak_signal_t547.0_contact_sheet.png,/workspace/tr1/results/hal/batch2_media/media/recording_000236_missed_weak_signal_t547.0_score_plot.png
4,window_contamination_suspect,recording_000272_missed_weak_signal_t577.5,recording_000272,577.5,positive,0.000654,1.5,sharp_visible_transition,,,Insert U-disk into the box,,,/workspace/tr1/results/hal/batch2_media/media/recording_000272_missed_weak_signal_t577.5.mp4,/workspace/tr1/results/hal/batch2_media/media/recording_000272_missed_weak_signal_t577.5_contact_sheet.png,/workspace/tr1/results/hal/batch2_media/media/recording_000272_missed_weak_signal_t577.5_score_plot.png
4,window_contamination_suspect,recording_000236_missed_signal_present_not_top_t548.5,recording_000236,548.5,positive,0.000764,1.5,sharp_visible_transition,,,Close cardboard box top flaps,Re-seal box top with packing tape,,/workspace/tr1/results/hal/batch2_media/media/recording_000236_missed_signal_present_not_top_t548.5.mp4,/workspace/tr1/results/hal/batch2_media/media/recording_000236_missed_signal_present_not_top_t548.5_contact_sheet.png,/workspace/tr1/results/hal/batch2_media/media/recording_000236_missed_signal_present_not_top_t548.5_score_plot.png
4,window_contamination_suspect,recording_000102_duplicate_t164.5,recording_000102,164.5,positive,0.000895,1.0,sharp_visible_transition,,,,,Fold and crease sheet edge,/workspace/tr1/results/boundary/error_audit/media/recording_000102_duplicate_t164.5.mp4,/workspace/tr1/results/boundary/error_audit/media/recording_000102_duplicate_t164.5_contact_sheet.png,/workspace/tr1/results/boundary/error_audit/media/recording_000102_duplicate_t164.5_score_plot.png
5,remainder,recording_000388_missed_signal_present_not_top_t601.8,recording_000388,601.8,motion_hard_negative,2e-06,16.2,same_action_internal_motion,,,Secure plastic wrap around bowl,Manipulate and discard ice cube into basin,,/workspace/tr1/results/hal/batch2_media/media/recording_000388_missed_signal_present_not_top_t601.8.mp4,/workspace/tr1/results/hal/batch2_media/media/recording_000388_missed_signal_present_not_top_t601.8_contact_sheet.png,/workspace/tr1/results/hal/batch2_media/media/recording_000388_missed_signal_present_not_top_t601.8_score_plot.png
5,remainder,recording_000150_duplicate_t234.5,recording_000150,234.5,motion_hard_negative,4e-06,200.5,annotation_convention,,,,,Flip black rectangular object to opposite side,/workspace/tr1/results/boundary/error_audit/media/recording_000150_duplicate_t234.5.mp4,/workspace/tr1/results/boundary/error_audit/media/recording_000150_duplicate_t234.5_contact_sheet.png,/workspace/tr1/results/boundary/error_audit/media/recording_000150_duplicate_t234.5_score_plot.png
5,remainder,recording_000112_false_mid_segment_t429.0,recording_000112,429.0,motion_hard_negative,7e-06,,same_action_internal_motion,,,,,Wipe wet surfaces with squeegee,/workspace/tr1/results/boundary/error_audit/media/recording_000112_false_mid_segment_t429.0.mp4,/workspace/tr1/results/boundary/error_audit/media/recording_000112_false_mid_segment_t429.0_contact_sheet.png,/workspace/tr1/results/boundary/error_audit/media/recording_000112_false_mid_segment_t429.0_score_plot.png
5,remainder,recording_000105_missed_weak_signal_t72.0,recording_000105,72.0,motion_hard_negative,8e-06,429.5,same_action_internal_motion,,,Paper fold-unfold cycle,Paper fold-unfold cycle,,/workspace/tr1/results/boundary/error_audit/media/recording_000105_missed_weak_signal_t72.0.mp4,/workspace/tr1/results/boundary/error_audit/media/recording_000105_missed_weak_signal_t72.0_contact_sheet.png,/workspace/tr1/results/boundary/error_audit/media/recording_000105_missed_weak_signal_t72.0_score_plot.png
5,remainder,recording_000388_false_mid_segment_t63.0,recording_000388,63.0,motion_hard_negative,8e-06,4.5,same_action_internal_motion,,,,,Cover bowl with plastic wrap,/workspace/tr1/results/hal/batch2_media/media/recording_000388_false_mid_segment_t63.0.mp4,/workspace/tr1/results/hal/batch2_media/media/recording_000388_false_mid_segment_t63.0_contact_sheet.png,/workspace/tr1/results/hal/batch2_media/media/recording_000388_false_mid_segment_t63.0_score_plot.png
5,remainder,recording_000438_false_mid_segment_t53.0,recording_000438,53.0,motion_hard_negative,1.5e-05,128.0,same_action_internal_motion,,,,,Press and seal plastic wrap on the bowl,/workspace/tr1/results/hal/batch2_media/media/recording_000438_false_mid_segment_t53.0.mp4,/workspace/tr1/results/hal/batch2_media/media/recording_000438_false_mid_segment_t53.0_contact_sheet.png,/workspace/tr1/results/hal/batch2_media/media/recording_000438_false_mid_segment_t53.0_score_plot.png
5,remainder,recording_000419_false_mid_segment_t286.5,recording_000419,286.5,motion_hard_negative,1.5e-05,23.0,same_action_internal_motion,,,,,Removing plastic wrap from a bowl,/workspace/tr1/results/hal/batch2_media/media/recording_000419_false_mid_segment_t286.5.mp4,/workspace/tr1/results/hal/batch2_media/media/recording_000419_false_mid_segment_t286.5_contact_sheet.png,/workspace/tr1/results/hal/batch2_media/media/recording_000419_false_mid_segment_t286.5_score_plot.png
5,remainder,recording_000102_false_mid_segment_t484.0,recording_000102,484.0,motion_hard_negative,2.2e-05,12.5,same_action_internal_motion,,,,,fold and unfold tissue,/workspace/tr1/results/boundary/error_audit/media/recording_000102_false_mid_segment_t484.0.mp4,/workspace/tr1/results/boundary/error_audit/media/recording_000102_false_mid_segment_t484.0_contact_sheet.png,/workspace/tr1/results/boundary/error_audit/media/recording_000102_false_mid_segment_t484.0_score_plot.png
5,remainder,recording_000431_false_near_edge_t262.0,recording_000431,262.0,motion_hard_negative,2.3e-05,9.0,same_action_internal_motion,,,,,Wrap bowl with plastic wrap roll,/workspace/tr1/results/hal/batch2_media/media/recording_000431_false_near_edge_t262.0.mp4,/workspace/tr1/results/hal/batch2_media/media/recording_000431_false_near_edge_t262.0_contact_sheet.png,/workspace/tr1/results/hal/batch2_media/media/recording_000431_false_near_edge_t262.0_score_plot.png
5,remainder,recording_000102_duplicate_t471.5,recording_000102,471.5,motion_hard_negative,2.7e-05,12.5,same_action_internal_motion,,,,,fold and unfold tissue,/workspace/tr1/results/boundary/error_audit/media/recording_000102_duplicate_t471.5.mp4,/workspace/tr1/results/boundary/error_audit/media/recording_000102_duplicate_t471.5_contact_sheet.png,/workspace/tr1/results/boundary/error_audit/media/recording_000102_duplicate_t471.5_score_plot.png
5,remainder,recording_000431_false_near_edge_t440.5,recording_000431,440.5,motion_hard_negative,3e-05,13.0,same_action_internal_motion,,,,,Unroll and tear plastic wrap sheet,/workspace/tr1/results/hal/batch2_media/media/recording_000431_false_near_edge_t440.5.mp4,/workspace/tr1/results/hal/batch2_media/media/recording_000431_false_near_edge_t440.5_contact_sheet.png,/workspace/tr1/results/hal/batch2_media/media/recording_000431_false_near_edge_t440.5_score_plot.png
5,remainder,recording_000431_false_mid_segment_t271.0,recording_000431,271.0,motion_hard_negative,3.2e-05,9.0,same_action_internal_motion,,,,,Wrap bowl with plastic wrap roll,/workspace/tr1/results/hal/batch2_media/media/recording_000431_false_mid_segment_t271.0.mp4,/workspace/tr1/results/hal/batch2_media/media/recording_000431_false_mid_segment_t271.0_contact_sheet.png,/workspace/tr1/results/hal/batch2_media/media/recording_000431_false_mid_segment_t271.0_score_plot.png
5,remainder,recording_000419_false_mid_segment_t618.0,recording_000419,618.0,motion_hard_negative,4.3e-05,12.5,same_action_internal_motion,,,,,Apply new plastic wrap to bowl,/workspace/tr1/results/hal/batch2_media/media/recording_000419_false_mid_segment_t618.0.mp4,/workspace/tr1/results/hal/batch2_media/media/recording_000419_false_mid_segment_t618.0_contact_sheet.png,/workspace/tr1/results/hal/batch2_media/media/recording_000419_false_mid_segment_t618.0_score_plot.png
5,remainder,recording_000150_missed_signal_present_not_top_t34.0,recording_000150,34.0,motion_hard_negative,4.5e-05,24.5,annotation_convention,,,Flip remote control to opposite side,Flip remote control to opposite side,,/workspace/tr1/results/boundary/error_audit/media/recording_000150_missed_signal_present_not_top_t34.0.mp4,/workspace/tr1/results/boundary/error_audit/media/recording_000150_missed_signal_present_not_top_t34.0_contact_sheet.png,/workspace/tr1/results/boundary/error_audit/media/recording_000150_missed_signal_present_not_top_t34.0_score_plot.png
5,remainder,recording_000105_false_gap_t505.5,recording_000105,505.5,motion_hard_negative,4.5e-05,4.0,same_action_internal_motion,,,,,,/workspace/tr1/results/boundary/error_audit/media/recording_000105_false_gap_t505.5.mp4,/workspace/tr1/results/boundary/error_audit/media/recording_000105_false_gap_t505.5_contact_sheet.png,/workspace/tr1/results/boundary/error_audit/media/recording_000105_false_gap_t505.5_score_plot.png
5,remainder,recording_000220_early_t137.8,recording_000220,137.5,motion_hard_negative,4.7e-05,6.0,sharp_visible_transition,,,,Slipper pair flip cycle,,/workspace/tr1/results/boundary/error_audit/media/recording_000220_early_t137.8.mp4,/workspace/tr1/results/boundary/error_audit/media/recording_000220_early_t137.8_contact_sheet.png,/workspace/tr1/results/boundary/error_audit/media/recording_000220_early_t137.8_score_plot.png
5,remainder,recording_000220_early_t143.8,recording_000220,143.5,motion_hard_negative,6.1e-05,6.0,ambiguous,,,,Slipper pair flip cycle,,/workspace/tr1/results/boundary/error_audit/media/recording_000220_early_t143.8.mp4,/workspace/tr1/results/boundary/error_audit/media/recording_000220_early_t143.8_contact_sheet.png,/workspace/tr1/results/boundary/error_audit/media/recording_000220_early_t143.8_score_plot.png
5,remainder,recording_000419_false_mid_segment_t605.5,recording_000419,605.5,motion_hard_negative,6.1e-05,12.5,same_action_internal_motion,,,,,Apply new plastic wrap to bowl,/workspace/tr1/results/hal/batch2_media/media/recording_000419_false_mid_segment_t605.5.mp4,/workspace/tr1/results/hal/batch2_media/media/recording_000419_false_mid_segment_t605.5_contact_sheet.png,/workspace/tr1/results/hal/batch2_media/media/recording_000419_false_mid_segment_t605.5_score_plot.png
5,remainder,recording_000343_false_mid_segment_t400.5,recording_000343,400.5,motion_hard_negative,6.1e-05,44.7,sharp_visible_transition,,,,,Apply liquid coating to pan with brush,/workspace/tr1/results/hal/batch2_media/media/recording_000343_false_mid_segment_t400.5.mp4,/workspace/tr1/results/hal/batch2_media/media/recording_000343_false_mid_segment_t400.5_contact_sheet.png,/workspace/tr1/results/hal/batch2_media/media/recording_000343_false_mid_segment_t400.5_score_plot.png
5,remainder,recording_000422_false_mid_segment_t381.0,recording_000422,381.0,motion_hard_negative,6.1e-05,68.3,same_action_internal_motion,,,,,Adjusting bowl and plastic wrap position,/workspace/tr1/results/hal/batch2_media/media/recording_000422_false_mid_segment_t381.0.mp4,/workspace/tr1/results/hal/batch2_media/media/recording_000422_false_mid_segment_t381.0_contact_sheet.png,/workspace/tr1/results/hal/batch2_media/media/recording_000422_false_mid_segment_t381.0_score_plot.png
5,remainder,recording_000385_false_gap_t348.0,recording_000385,348.0,motion_hard_negative,7e-05,64.5,same_action_internal_motion,,,,,,/workspace/tr1/results/hal/batch2_media/media/recording_000385_false_gap_t348.0.mp4,/workspace/tr1/results/hal/batch2_media/media/recording_000385_false_gap_t348.0_contact_sheet.png,/workspace/tr1/results/hal/batch2_media/media/recording_000385_false_gap_t348.0_score_plot.png
5,remainder,recording_000438_false_mid_segment_t224.0,recording_000438,224.0,motion_hard_negative,7.1e-05,42.0,same_action_internal_motion,,,,,Secure plastic wrap around bowl,/workspace/tr1/results/hal/batch2_media/media/recording_000438_false_mid_segment_t224.0.mp4,/workspace/tr1/results/hal/batch2_media/media/recording_000438_false_mid_segment_t224.0_contact_sheet.png,/workspace/tr1/results/hal/batch2_media/media/recording_000438_false_mid_segment_t224.0_score_plot.png
5,remainder,recording_000388_false_mid_segment_t67.5,recording_000388,67.5,motion_hard_negative,7.9e-05,4.5,same_action_internal_motion,,,,,Cover bowl with plastic wrap,/workspace/tr1/results/hal/batch2_media/media/recording_000388_false_mid_segment_t67.5.mp4,/workspace/tr1/results/hal/batch2_media/media/recording_000388_false_mid_segment_t67.5_contact_sheet.png,/workspace/tr1/results/hal/batch2_media/media/recording_000388_false_mid_segment_t67.5_score_plot.png
5,remainder,recording_000327_false_mid_segment_t156.0,recording_000327,156.0,motion_hard_negative,8.2e-05,144.5,sharp_visible_transition,,,,,Apply liquid to pan and spread with brush,/workspace/tr1/results/hal/batch2_media/media/recording_000327_false_mid_segment_t156.0.mp4,/workspace/tr1/results/hal/batch2_media/media/recording_000327_false_mid_segment_t156.0_contact_sheet.png,/workspace/tr1/results/hal/batch2_media/media/recording_000327_false_mid_segment_t156.0_score_plot.png
5,remainder,recording_000385_false_mid_segment_t412.5,recording_000385,412.5,motion_hard_negative,9.1e-05,64.5,same_action_internal_motion,,,,,Inspect and adjust covered bowl,/workspace/tr1/results/hal/batch2_media/media/recording_000385_false_mid_segment_t412.5.mp4,/workspace/tr1/results/hal/batch2_media/media/recording_000385_false_mid_segment_t412.5_contact_sheet.png,/workspace/tr1/results/hal/batch2_media/media/recording_000385_false_mid_segment_t412.5_score_plot.png
5,remainder,recording_000282_false_mid_segment_t412.5,recording_000282,412.5,motion_hard_negative,9.1e-05,80.5,same_action_internal_motion,,,,,Pack USB drive into outer box and seal the other end,/workspace/tr1/results/hal/batch2_media/media/recording_000282_false_mid_segment_t412.5.mp4,/workspace/tr1/results/hal/batch2_media/media/recording_000282_false_mid_segment_t412.5_contact_sheet.png,/workspace/tr1/results/hal/batch2_media/media/recording_000282_false_mid_segment_t412.5_score_plot.png
5,remainder,recording_000080_false_gap_t169.0,recording_000080,169.0,motion_hard_negative,9.4e-05,56.5,sharp_visible_transition,,,,,,/workspace/tr1/results/boundary/error_audit/media/recording_000080_false_gap_t169.0.mp4,/workspace/tr1/results/boundary/error_audit/media/recording_000080_false_gap_t169.0_contact_sheet.png,/workspace/tr1/results/boundary/error_audit/media/recording_000080_false_gap_t169.0_score_plot.png
5,remainder,recording_000385_false_near_edge_t577.5,recording_000385,577.5,motion_hard_negative,0.000105,165.0,same_action_internal_motion,,,,,Cover bowl with new plastic wrap,/workspace/tr1/results/hal/batch2_media/media/recording_000385_false_near_edge_t577.5.mp4,/workspace/tr1/results/hal/batch2_media/media/recording_000385_false_near_edge_t577.5_contact_sheet.png,/workspace/tr1/results/hal/batch2_media/media/recording_000385_false_near_edge_t577.5_score_plot.png
5,remainder,recording_000343_false_near_edge_t222.5,recording_000343,222.5,positive,0.000116,52.0,sharp_visible_transition,,,,,Apply liquid to pan with brush,/workspace/tr1/results/hal/batch2_media/media/recording_000343_false_near_edge_t222.5.mp4,/workspace/tr1/results/hal/batch2_media/media/recording_000343_false_near_edge_t222.5_contact_sheet.png,/workspace/tr1/results/hal/batch2_media/media/recording_000343_false_near_edge_t222.5_score_plot.png
5,remainder,recording_000391_false_near_edge_t242.5,recording_000391,242.5,positive,0.000118,44.5,sharp_visible_transition,,,,,Uncoil USB cable,/workspace/tr1/results/hal/batch2_media/media/recording_000391_false_near_edge_t242.5.mp4,/workspace/tr1/results/hal/batch2_media/media/recording_000391_false_near_edge_t242.5_contact_sheet.png,/workspace/tr1/results/hal/batch2_media/media/recording_000391_false_near_edge_t242.5_score_plot.png
5,remainder,recording_000176_false_near_edge_t345.5,recording_000176,345.5,positive,0.000121,157.0,sharp_visible_transition,,,,,Clean and reinstall sink strainer,/workspace/tr1/results/boundary/error_audit/media/recording_000176_false_near_edge_t345.5.mp4,/workspace/tr1/results/boundary/error_audit/media/recording_000176_false_near_edge_t345.5_contact_sheet.png,/workspace/tr1/results/boundary/error_audit/media/recording_000176_false_near_edge_t345.5_score_plot.png
5,remainder,recording_000471_missed_weak_signal_t485.4,recording_000471,485.4,motion_hard_negative,0.000127,,same_action_internal_motion,,,Wipe kettle lid and top cap,Wipe upper kettle body,,/workspace/tr1/results/hal/batch2_media/media/recording_000471_missed_weak_signal_t485.4.mp4,/workspace/tr1/results/hal/batch2_media/media/recording_000471_missed_weak_signal_t485.4_contact_sheet.png,/workspace/tr1/results/hal/batch2_media/media/recording_000471_missed_weak_signal_t485.4_score_plot.png
5,remainder,recording_000242_missed_signal_present_not_top_t156.5,recording_000242,156.5,positive,0.000127,8.0,sharp_visible_transition,,,Close box flaps after second inspection,Seal cardboard box with tape second time,,/workspace/tr1/results/hal/batch2_media/media/recording_000242_missed_signal_present_not_top_t156.5.mp4,/workspace/tr1/results/hal/batch2_media/media/recording_000242_missed_signal_present_not_top_t156.5_contact_sheet.png,/workspace/tr1/results/hal/batch2_media/media/recording_000242_missed_signal_present_not_top_t156.5_score_plot.png
5,remainder,recording_000431_false_mid_segment_t470.5,recording_000431,470.5,motion_hard_negative,0.000135,30.0,same_action_internal_motion,,,,,Tuck and seal wrap around bowl,/workspace/tr1/results/hal/batch2_media/media/recording_000431_false_mid_segment_t470.5.mp4,/workspace/tr1/results/hal/batch2_media/media/recording_000431_false_mid_segment_t470.5_contact_sheet.png,/workspace/tr1/results/hal/batch2_media/media/recording_000431_false_mid_segment_t470.5_score_plot.png
5,remainder,recording_000388_false_mid_segment_t375.5,recording_000388,375.5,motion_hard_negative,0.000137,226.3,same_action_internal_motion,,,,,Cover bowl with wrap,/workspace/tr1/results/hal/batch2_media/media/recording_000388_false_mid_segment_t375.5.mp4,/workspace/tr1/results/hal/batch2_media/media/recording_000388_false_mid_segment_t375.5_contact_sheet.png,/workspace/tr1/results/hal/batch2_media/media/recording_000388_false_mid_segment_t375.5_score_plot.png
5,remainder,recording_000196_false_mid_segment_t243.0,recording_000196,243.0,positive,0.000138,,sharp_visible_transition,,,,,Repackage portable charger and close box,/workspace/tr1/results/boundary/error_audit/media/recording_000196_false_mid_segment_t243.0.mp4,/workspace/tr1/results/boundary/error_audit/media/recording_000196_false_mid_segment_t243.0_contact_sheet.png,/workspace/tr1/results/boundary/error_audit/media/recording_000196_false_mid_segment_t243.0_score_plot.png
5,remainder,recording_000250_exact_t272.5,recording_000250,272.5,positive,0.000143,54.2,sharp_visible_transition,,,,Remove box from plastic bag,,/workspace/tr1/results/hal/batch2_media/media/recording_000250_exact_t272.5.mp4,/workspace/tr1/results/hal/batch2_media/media/recording_000250_exact_t272.5_contact_sheet.png,/workspace/tr1/results/hal/batch2_media/media/recording_000250_exact_t272.5_score_plot.png
5,remainder,recording_000265_early_t605.0,recording_000265,604.5,positive,0.000144,109.5,sharp_visible_transition,,,,Remove top packing tape from cardboard box,,/workspace/tr1/results/hal/batch2_media/media/recording_000265_early_t605.0.mp4,/workspace/tr1/results/hal/batch2_media/media/recording_000265_early_t605.0_contact_sheet.png,/workspace/tr1/results/hal/batch2_media/media/recording_000265_early_t605.0_score_plot.png
5,remainder,recording_000183_false_near_edge_t355.0,recording_000183,355.0,positive,0.000147,211.0,sharp_visible_transition,,,,,Sink strainer cleaning cycle,/workspace/tr1/results/boundary/error_audit/media/recording_000183_false_near_edge_t355.0.mp4,/workspace/tr1/results/boundary/error_audit/media/recording_000183_false_near_edge_t355.0_contact_sheet.png,/workspace/tr1/results/boundary/error_audit/media/recording_000183_false_near_edge_t355.0_score_plot.png
5,remainder,recording_000037_early_t156.0,recording_000037,155.5,positive,0.000147,,sharp_visible_transition,,,Rinse mug under running water,,,/workspace/tr1/results/boundary/error_audit/media/recording_000037_early_t156.0.mp4,/workspace/tr1/results/boundary/error_audit/media/recording_000037_early_t156.0_contact_sheet.png,/workspace/tr1/results/boundary/error_audit/media/recording_000037_early_t156.0_score_plot.png
5,remainder,recording_000188_false_gap_t456.0,recording_000188,456.0,positive,0.000152,417.0,sharp_visible_transition,,,,,,/workspace/tr1/results/boundary/error_audit/media/recording_000188_false_gap_t456.0.mp4,/workspace/tr1/results/boundary/error_audit/media/recording_000188_false_gap_t456.0_contact_sheet.png,/workspace/tr1/results/boundary/error_audit/media/recording_000188_false_gap_t456.0_score_plot.png
5,remainder,recording_000213_late_t150.0,recording_000213,150.5,positive,0.00016,80.0,same_action_internal_motion,,,"Remove, rinse and reseat sink strainer","Remove, rinse and reseat sink strainer",,/workspace/tr1/results/boundary/error_audit/media/recording_000213_late_t150.0.mp4,/workspace/tr1/results/boundary/error_audit/media/recording_000213_late_t150.0_contact_sheet.png,/workspace/tr1/results/boundary/error_audit/media/recording_000213_late_t150.0_score_plot.png
5,remainder,recording_000422_false_mid_segment_t228.5,recording_000422,228.5,motion_hard_negative,0.000169,84.2,same_action_internal_motion,,,,,Adhere plastic wrap around bowl to table,/workspace/tr1/results/hal/batch2_media/media/recording_000422_false_mid_segment_t228.5.mp4,/workspace/tr1/results/hal/batch2_media/media/recording_000422_false_mid_segment_t228.5_contact_sheet.png,/workspace/tr1/results/hal/batch2_media/media/recording_000422_false_mid_segment_t228.5_score_plot.png
5,remainder,recording_000030_late_t387.5,recording_000030,388.0,positive,0.000176,113.5,sharp_visible_transition,,,Move water bottle from left to center position,,,/workspace/tr1/results/boundary/error_audit/media/recording_000030_late_t387.5.mp4,/workspace/tr1/results/boundary/error_audit/media/recording_000030_late_t387.5_contact_sheet.png,/workspace/tr1/results/boundary/error_audit/media/recording_000030_late_t387.5_score_plot.png
5,remainder,recording_000134_false_near_edge_t562.5,recording_000134,562.5,positive,0.000176,432.5,sharp_visible_transition,,,,,Fold one tissue sheet and stack it,/workspace/tr1/results/boundary/error_audit/media/recording_000134_false_near_edge_t562.5.mp4,/workspace/tr1/results/boundary/error_audit/media/recording_000134_false_near_edge_t562.5_contact_sheet.png,/workspace/tr1/results/boundary/error_audit/media/recording_000134_false_near_edge_t562.5_score_plot.png
5,remainder,recording_000224_missed_weak_signal_t398.0,recording_000224,398.0,positive,0.000178,30.0,sharp_visible_transition,,,Seal cardboard box with tape,,,/workspace/tr1/results/hal/batch2_media/media/recording_000224_missed_weak_signal_t398.0.mp4,/workspace/tr1/results/hal/batch2_media/media/recording_000224_missed_weak_signal_t398.0_contact_sheet.png,/workspace/tr1/results/hal/batch2_media/media/recording_000224_missed_weak_signal_t398.0_score_plot.png
5,remainder,recording_000220_missed_weak_signal_t289.5,recording_000220,289.5,motion_hard_negative,0.000181,136.5,sharp_visible_transition,,,Display footbed side of slippers,Display upper side of slippers,,/workspace/tr1/results/boundary/error_audit/media/recording_000220_missed_weak_signal_t289.5.mp4,/workspace/tr1/results/boundary/error_audit/media/recording_000220_missed_weak_signal_t289.5_contact_sheet.png,/workspace/tr1/results/boundary/error_audit/media/recording_000220_missed_weak_signal_t289.5_score_plot.png
5,remainder,recording_000236_missed_signal_present_not_top_t572.8,recording_000236,572.8,positive,0.000187,24.3,sharp_visible_transition,,,Close cardboard box top flaps again,,,/workspace/tr1/results/hal/batch2_media/media/recording_000236_missed_signal_present_not_top_t572.8.mp4,/workspace/tr1/results/hal/batch2_media/media/recording_000236_missed_signal_present_not_top_t572.8_contact_sheet.png,/workspace/tr1/results/hal/batch2_media/media/recording_000236_missed_signal_present_not_top_t572.8_score_plot.png
5,remainder,recording_000213_false_gap_t242.5,recording_000213,242.5,positive,0.000191,12.0,sharp_visible_transition,,,,,,/workspace/tr1/results/boundary/error_audit/media/recording_000213_false_gap_t242.5.mp4,/workspace/tr1/results/boundary/error_audit/media/recording_000213_false_gap_t242.5_contact_sheet.png,/workspace/tr1/results/boundary/error_audit/media/recording_000213_false_gap_t242.5_score_plot.png
5,remainder,recording_000220_missed_weak_signal_t586.4,recording_000220,586.4,motion_hard_negative,0.000195,64.4,sharp_visible_transition,,,Display upper side of slippers,Display insole side of slippers,,/workspace/tr1/results/boundary/error_audit/media/recording_000220_missed_weak_signal_t586.4.mp4,/workspace/tr1/results/boundary/error_audit/media/recording_000220_missed_weak_signal_t586.4_contact_sheet.png,/workspace/tr1/results/boundary/error_audit/media/recording_000220_missed_weak_signal_t586.4_score_plot.png
5,remainder,recording_000320_false_near_edge_t461.0,recording_000320,461.0,positive,0.000195,87.0,sharp_visible_transition,,,,,Add liquid from bottle to pan,/workspace/tr1/results/hal/batch2_media/media/recording_000320_false_near_edge_t461.0.mp4,/workspace/tr1/results/hal/batch2_media/media/recording_000320_false_near_edge_t461.0_contact_sheet.png,/workspace/tr1/results/hal/batch2_media/media/recording_000320_false_near_edge_t461.0_score_plot.png
5,remainder,recording_000385_false_mid_segment_t209.0,recording_000385,209.0,motion_hard_negative,0.000197,57.5,same_action_internal_motion,,,,,Fold and seal plastic wrap around the bowl rim,/workspace/tr1/results/hal/batch2_media/media/recording_000385_false_mid_segment_t209.0.mp4,/workspace/tr1/results/hal/batch2_media/media/recording_000385_false_mid_segment_t209.0_contact_sheet.png,/workspace/tr1/results/hal/batch2_media/media/recording_000385_false_mid_segment_t209.0_score_plot.png
5,remainder,recording_000431_missed_signal_present_not_top_t178.2,recording_000431,178.2,positive,0.000204,83.8,annotation_convention,,,Crumble the removed plastic wrap,,,/workspace/tr1/results/hal/batch2_media/media/recording_000431_missed_signal_present_not_top_t178.2.mp4,/workspace/tr1/results/hal/batch2_media/media/recording_000431_missed_signal_present_not_top_t178.2_contact_sheet.png,/workspace/tr1/results/hal/batch2_media/media/recording_000431_missed_signal_present_not_top_t178.2_score_plot.png
5,remainder,recording_000419_false_mid_segment_t137.0,recording_000419,137.0,motion_hard_negative,0.000206,149.5,same_action_internal_motion,,,,,Wrap bowl with plastic wrap,/workspace/tr1/results/hal/batch2_media/media/recording_000419_false_mid_segment_t137.0.mp4,/workspace/tr1/results/hal/batch2_media/media/recording_000419_false_mid_segment_t137.0_contact_sheet.png,/workspace/tr1/results/hal/batch2_media/media/recording_000419_false_mid_segment_t137.0_score_plot.png
5,remainder,recording_000030_false_gap_t556.0,recording_000030,556.0,positive,0.000209,54.5,sharp_visible_transition,,,,,,/workspace/tr1/results/boundary/error_audit/media/recording_000030_false_gap_t556.0.mp4,/workspace/tr1/results/boundary/error_audit/media/recording_000030_false_gap_t556.0_contact_sheet.png,/workspace/tr1/results/boundary/error_audit/media/recording_000030_false_gap_t556.0_score_plot.png
5,remainder,recording_000422_missed_signal_present_not_top_t312.7,recording_000422,312.7,positive,0.000215,68.3,sharp_visible_transition,,,Crumpling and wetting a small plastic wrap piece,,,/workspace/tr1/results/hal/batch2_media/media/recording_000422_missed_signal_present_not_top_t312.7.mp4,/workspace/tr1/results/hal/batch2_media/media/recording_000422_missed_signal_present_not_top_t312.7_contact_sheet.png,/workspace/tr1/results/hal/batch2_media/media/recording_000422_missed_signal_present_not_top_t312.7_score_plot.png
5,remainder,recording_000265_exact_t495.0,recording_000265,495.0,positive,0.000227,109.5,sharp_visible_transition,,,,Remove box from plastic bag,,/workspace/tr1/results/hal/batch2_media/media/recording_000265_exact_t495.0.mp4,/workspace/tr1/results/hal/batch2_media/media/recording_000265_exact_t495.0_contact_sheet.png,/workspace/tr1/results/hal/batch2_media/media/recording_000265_exact_t495.0_score_plot.png
5,remainder,recording_000325_late_t40.5,recording_000325,41.0,positive,0.000229,8.5,sharp_visible_transition,,,,Apply liquid to pan with brush,,/workspace/tr1/results/hal/batch2_media/media/recording_000325_late_t40.5.mp4,/workspace/tr1/results/hal/batch2_media/media/recording_000325_late_t40.5_contact_sheet.png,/workspace/tr1/results/hal/batch2_media/media/recording_000325_late_t40.5_score_plot.png
5,remainder,recording_000053_late_t207.5,recording_000053,208.0,positive,0.00023,278.0,sharp_visible_transition,,,Replace used tissue with new one,Wipe table with second tissue,,/workspace/tr1/results/boundary/error_audit/media/recording_000053_late_t207.5.mp4,/workspace/tr1/results/boundary/error_audit/media/recording_000053_late_t207.5_contact_sheet.png,/workspace/tr1/results/boundary/error_audit/media/recording_000053_late_t207.5_score_plot.png
5,remainder,recording_000388_false_mid_segment_t124.5,recording_000388,124.5,motion_hard_negative,0.000232,57.0,same_action_internal_motion,,,,,Unroll plastic wrap from roll,/workspace/tr1/results/hal/batch2_media/media/recording_000388_false_mid_segment_t124.5.mp4,/workspace/tr1/results/hal/batch2_media/media/recording_000388_false_mid_segment_t124.5_contact_sheet.png,/workspace/tr1/results/hal/batch2_media/media/recording_000388_false_mid_segment_t124.5_score_plot.png
5,remainder,recording_000438_false_mid_segment_t575.0,recording_000438,575.0,motion_hard_negative,0.000234,99.0,same_action_internal_motion,,,,,Unroll and cut plastic wrap,/workspace/tr1/results/hal/batch2_media/media/recording_000438_false_mid_segment_t575.0.mp4,/workspace/tr1/results/hal/batch2_media/media/recording_000438_false_mid_segment_t575.0_contact_sheet.png,/workspace/tr1/results/hal/batch2_media/media/recording_000438_false_mid_segment_t575.0_score_plot.png
5,remainder,recording_000160_exact_t207.5,recording_000160,207.5,positive,0.000245,368.0,sharp_visible_transition,,,Reinstall and adjust sink drain strainer,Remove sink drain strainer,,/workspace/tr1/results/boundary/error_audit/media/recording_000160_exact_t207.5.mp4,/workspace/tr1/results/boundary/error_audit/media/recording_000160_exact_t207.5_contact_sheet.png,/workspace/tr1/results/boundary/error_audit/media/recording_000160_exact_t207.5_score_plot.png
5,remainder,recording_000385_false_mid_segment_t266.5,recording_000385,266.5,motion_hard_negative,0.000247,57.5,same_action_internal_motion,,,,,Unroll plastic wrap over bowl,/workspace/tr1/results/hal/batch2_media/media/recording_000385_false_mid_segment_t266.5.mp4,/workspace/tr1/results/hal/batch2_media/media/recording_000385_false_mid_segment_t266.5_contact_sheet.png,/workspace/tr1/results/hal/batch2_media/media/recording_000385_false_mid_segment_t266.5_score_plot.png
5,remainder,recording_000391_late_t286.5,recording_000391,287.0,positive,0.000257,44.5,annotation_convention,,,,Recoil USB cable,,/workspace/tr1/results/hal/batch2_media/media/recording_000391_late_t286.5.mp4,/workspace/tr1/results/hal/batch2_media/media/recording_000391_late_t286.5_contact_sheet.png,/workspace/tr1/results/hal/batch2_media/media/recording_000391_late_t286.5_score_plot.png
5,remainder,recording_000150_false_mid_segment_t498.5,recording_000150,498.5,positive,0.000259,264.0,sharp_visible_transition,,,,,Inspect both sides of remote control,/workspace/tr1/results/boundary/error_audit/media/recording_000150_false_mid_segment_t498.5.mp4,/workspace/tr1/results/boundary/error_audit/media/recording_000150_false_mid_segment_t498.5_contact_sheet.png,/workspace/tr1/results/boundary/error_audit/media/recording_000150_false_mid_segment_t498.5_score_plot.png
5,remainder,recording_000061_early_t167.3,recording_000061,167.0,positive,0.000259,,sharp_visible_transition,,,Extract tissue from pack,Wipe table surface with tissue,,/workspace/tr1/results/boundary/error_audit/media/recording_000061_early_t167.3.mp4,/workspace/tr1/results/boundary/error_audit/media/recording_000061_early_t167.3_contact_sheet.png,/workspace/tr1/results/boundary/error_audit/media/recording_000061_early_t167.3_score_plot.png
5,remainder,recording_000213_duplicate_t230.5,recording_000213,230.5,positive,0.000259,12.0,sharp_visible_transition,,,,,Rinse and seat sink strainer,/workspace/tr1/results/boundary/error_audit/media/recording_000213_duplicate_t230.5.mp4,/workspace/tr1/results/boundary/error_audit/media/recording_000213_duplicate_t230.5_contact_sheet.png,/workspace/tr1/results/boundary/error_audit/media/recording_000213_duplicate_t230.5_score_plot.png
5,remainder,recording_000465_false_gap_t247.0,recording_000465,247.0,positive,0.000265,80.5,sharp_visible_transition,,,,,,/workspace/tr1/results/hal/batch2_media/media/recording_000465_false_gap_t247.0.mp4,/workspace/tr1/results/hal/batch2_media/media/recording_000465_false_gap_t247.0_contact_sheet.png,/workspace/tr1/results/hal/batch2_media/media/recording_000465_false_gap_t247.0_score_plot.png
5,remainder,recording_000272_false_mid_segment_t320.0,recording_000272,320.0,positive,0.000266,47.0,sharp_visible_transition,,,,,Flatten empty box and stow in plastic bag,/workspace/tr1/results/hal/batch2_media/media/recording_000272_false_mid_segment_t320.0.mp4,/workspace/tr1/results/hal/batch2_media/media/recording_000272_false_mid_segment_t320.0_contact_sheet.png,/workspace/tr1/results/hal/batch2_media/media/recording_000272_false_mid_segment_t320.0_score_plot.png
5,remainder,recording_000160_exact_t575.6,recording_000160,575.5,positive,0.000273,368.0,ambiguous,,,Rinse and re-seat sink strainer,Rinse and re-seat sink strainer,,/workspace/tr1/results/boundary/error_audit/media/recording_000160_exact_t575.6.mp4,/workspace/tr1/results/boundary/error_audit/media/recording_000160_exact_t575.6_contact_sheet.png,/workspace/tr1/results/boundary/error_audit/media/recording_000160_exact_t575.6_score_plot.png
5,remainder,recording_000236_missed_signal_present_not_top_t102.0,recording_000236,102.0,positive,0.000278,284.0,sharp_visible_transition,,,Open untaped cardboard box,Seal cardboard box with adhesive tape,,/workspace/tr1/results/hal/batch2_media/media/recording_000236_missed_signal_present_not_top_t102.0.mp4,/workspace/tr1/results/hal/batch2_media/media/recording_000236_missed_signal_present_not_top_t102.0_contact_sheet.png,/workspace/tr1/results/hal/batch2_media/media/recording_000236_missed_signal_present_not_top_t102.0_score_plot.png
5,remainder,recording_000325_exact_t594.9,recording_000325,595.0,positive,0.000298,25.5,sharp_visible_transition,,,Apply liquid layer to pan interior,,,/workspace/tr1/results/hal/batch2_media/media/recording_000325_exact_t594.9.mp4,/workspace/tr1/results/hal/batch2_media/media/recording_000325_exact_t594.9_contact_sheet.png,/workspace/tr1/results/hal/batch2_media/media/recording_000325_exact_t594.9_score_plot.png
5,remainder,recording_000224_early_t368.5,recording_000224,368.0,positive,0.000302,30.0,sharp_visible_transition,,,,Unpack box from plastic bag,,/workspace/tr1/results/hal/batch2_media/media/recording_000224_early_t368.5.mp4,/workspace/tr1/results/hal/batch2_media/media/recording_000224_early_t368.5_contact_sheet.png,/workspace/tr1/results/hal/batch2_media/media/recording_000224_early_t368.5_score_plot.png
5,remainder,recording_000230_missed_signal_present_not_top_t632.5,recording_000230,632.5,positive,0.000315,17.5,sharp_visible_transition,,,,Assemble erect cardboard box,,/workspace/tr1/results/hal/batch2_media/media/recording_000230_missed_signal_present_not_top_t632.5.mp4,/workspace/tr1/results/hal/batch2_media/media/recording_000230_missed_signal_present_not_top_t632.5_contact_sheet.png,/workspace/tr1/results/hal/batch2_media/media/recording_000230_missed_signal_present_not_top_t632.5_score_plot.png
5,remainder,recording_000282_exact_t544.5,recording_000282,544.5,positive,0.000317,51.5,sharp_visible_transition,,,Flip box and open top flaps,,,/workspace/tr1/results/hal/batch2_media/media/recording_000282_exact_t544.5.mp4,/workspace/tr1/results/hal/batch2_media/media/recording_000282_exact_t544.5_contact_sheet.png,/workspace/tr1/results/hal/batch2_media/media/recording_000282_exact_t544.5_score_plot.png
5,remainder,recording_000188_missed_signal_present_not_top_t25.0,recording_000188,25.0,positive,0.000318,14.0,sharp_visible_transition,,,Remove wrapped device from first product box,Unwrap first portable charger from protective packaging,,/workspace/tr1/results/boundary/error_audit/media/recording_000188_missed_signal_present_not_top_t25.0.mp4,/workspace/tr1/results/boundary/error_audit/media/recording_000188_missed_signal_present_not_top_t25.0_contact_sheet.png,/workspace/tr1/results/boundary/error_audit/media/recording_000188_missed_signal_present_not_top_t25.0_score_plot.png
5,remainder,recording_000181_late_t233.0,recording_000181,233.5,positive,0.000349,140.0,sharp_visible_transition,,,Clean sink drain strainer,Clean sink drain strainer,,/workspace/tr1/results/boundary/error_audit/media/recording_000181_late_t233.0.mp4,/workspace/tr1/results/boundary/error_audit/media/recording_000181_late_t233.0_contact_sheet.png,/workspace/tr1/results/boundary/error_audit/media/recording_000181_late_t233.0_score_plot.png
5,remainder,recording_000086_duplicate_t530.5,recording_000086,530.5,positive,0.000362,,camera_or_viewpoint_shift,,,,,Fold a disposable mask,/workspace/tr1/results/boundary/error_audit/media/recording_000086_duplicate_t530.5.mp4,/workspace/tr1/results/boundary/error_audit/media/recording_000086_duplicate_t530.5_contact_sheet.png,/workspace/tr1/results/boundary/error_audit/media/recording_000086_duplicate_t530.5_score_plot.png
5,remainder,recording_000053_missed_weak_signal_t486.0,recording_000053,486.0,positive,0.000363,278.0,visibility_or_offscreen,,,,Fill dark bottles from table into bowl,,/workspace/tr1/results/boundary/error_audit/media/recording_000053_missed_weak_signal_t486.0.mp4,/workspace/tr1/results/boundary/error_audit/media/recording_000053_missed_weak_signal_t486.0_contact_sheet.png,/workspace/tr1/results/boundary/error_audit/media/recording_000053_missed_weak_signal_t486.0_score_plot.png
5,remainder,recording_000242_missed_weak_signal_t352.0,recording_000242,352.0,positive,0.000364,187.5,sharp_visible_transition,,,Seal second box with tape,,,/workspace/tr1/results/hal/batch2_media/media/recording_000242_missed_weak_signal_t352.0.mp4,/workspace/tr1/results/hal/batch2_media/media/recording_000242_missed_weak_signal_t352.0_contact_sheet.png,/workspace/tr1/results/hal/batch2_media/media/recording_000242_missed_weak_signal_t352.0_score_plot.png
5,remainder,recording_000176_missed_signal_present_not_top_t188.5,recording_000176,188.5,positive,0.000385,98.0,sharp_visible_transition,,,Rinse sink strainer,Install sink strainer into drain,,/workspace/tr1/results/boundary/error_audit/media/recording_000176_missed_signal_present_not_top_t188.5.mp4,/workspace/tr1/results/boundary/error_audit/media/recording_000176_missed_signal_present_not_top_t188.5_contact_sheet.png,/workspace/tr1/results/boundary/error_audit/media/recording_000176_missed_signal_present_not_top_t188.5_score_plot.png
5,remainder,recording_000265_false_near_edge_t165.5,recording_000265,165.5,positive,0.00039,78.0,sharp_visible_transition,,,,,Insert USB drive into box and seal,/workspace/tr1/results/hal/batch2_media/media/recording_000265_false_near_edge_t165.5.mp4,/workspace/tr1/results/hal/batch2_media/media/recording_000265_false_near_edge_t165.5_contact_sheet.png,/workspace/tr1/results/hal/batch2_media/media/recording_000265_false_near_edge_t165.5_score_plot.png
5,remainder,recording_000272_missed_weak_signal_t367.0,recording_000272,367.0,positive,0.000396,47.0,sharp_visible_transition,,,Seal box bottom with adhesive tape,Remove sealing tape from box,,/workspace/tr1/results/hal/batch2_media/media/recording_000272_missed_weak_signal_t367.0.mp4,/workspace/tr1/results/hal/batch2_media/media/recording_000272_missed_weak_signal_t367.0_contact_sheet.png,/workspace/tr1/results/hal/batch2_media/media/recording_000272_missed_weak_signal_t367.0_score_plot.png
5,remainder,recording_000465_false_mid_segment_t166.5,recording_000465,166.5,positive,0.000396,66.0,sharp_visible_transition,,,,,Store charging cable in drawer,/workspace/tr1/results/hal/batch2_media/media/recording_000465_false_mid_segment_t166.5.mp4,/workspace/tr1/results/hal/batch2_media/media/recording_000465_false_mid_segment_t166.5_contact_sheet.png,/workspace/tr1/results/hal/batch2_media/media/recording_000465_false_mid_segment_t166.5_score_plot.png
5,remainder,recording_000080_late_t559.5,recording_000080,560.0,positive,0.0004,391.0,sharp_visible_transition,,,,Fold and discard a paper tissue,,/workspace/tr1/results/boundary/error_audit/media/recording_000080_late_t559.5.mp4,/workspace/tr1/results/boundary/error_audit/media/recording_000080_late_t559.5_contact_sheet.png,/workspace/tr1/results/boundary/error_audit/media/recording_000080_late_t559.5_score_plot.png
5,remainder,recording_000224_false_mid_segment_t615.5,recording_000224,615.5,positive,0.000448,3.5,sharp_visible_transition,,,,,Seal box bottom with tape,/workspace/tr1/results/hal/batch2_media/media/recording_000224_false_mid_segment_t615.5.mp4,/workspace/tr1/results/hal/batch2_media/media/recording_000224_false_mid_segment_t615.5_contact_sheet.png,/workspace/tr1/results/hal/batch2_media/media/recording_000224_false_mid_segment_t615.5_score_plot.png
5,remainder,recording_000265_early_t88.0,recording_000265,87.5,positive,0.000449,78.0,sharp_visible_transition,,,Remove cardboard box from black plastic bag,Pack USB drive into box and seal with tape,,/workspace/tr1/results/hal/batch2_media/media/recording_000265_early_t88.0.mp4,/workspace/tr1/results/hal/batch2_media/media/recording_000265_early_t88.0_contact_sheet.png,/workspace/tr1/results/hal/batch2_media/media/recording_000265_early_t88.0_score_plot.png
5,remainder,recording_000030_exact_t12.2,recording_000030,12.0,positive,0.000454,376.0,ambiguous,,,,Slide bottle back to center from front (upright),,/workspace/tr1/results/boundary/error_audit/media/recording_000030_exact_t12.2.mp4,/workspace/tr1/results/boundary/error_audit/media/recording_000030_exact_t12.2_contact_sheet.png,/workspace/tr1/results/boundary/error_audit/media/recording_000030_exact_t12.2_score_plot.png
5,remainder,recording_000242_missed_signal_present_not_top_t164.5,recording_000242,164.5,positive,0.000492,8.0,sharp_visible_transition,,,Open box flaps for third inspection,Inspect box interior third time,,/workspace/tr1/results/hal/batch2_media/media/recording_000242_missed_signal_present_not_top_t164.5.mp4,/workspace/tr1/results/hal/batch2_media/media/recording_000242_missed_signal_present_not_top_t164.5_contact_sheet.png,/workspace/tr1/results/hal/batch2_media/media/recording_000242_missed_signal_present_not_top_t164.5_score_plot.png
5,remainder,recording_000272_missed_signal_present_not_top_t265.9,recording_000272,265.9,positive,0.000496,54.1,sharp_visible_transition,,,,Seal box end with tape,,/workspace/tr1/results/hal/batch2_media/media/recording_000272_missed_signal_present_not_top_t265.9.mp4,/workspace/tr1/results/hal/batch2_media/media/recording_000272_missed_signal_present_not_top_t265.9_contact_sheet.png,/workspace/tr1/results/hal/batch2_media/media/recording_000272_missed_signal_present_not_top_t265.9_score_plot.png
5,remainder,recording_000282_missed_signal_present_not_top_t493.0,recording_000282,493.0,positive,0.000518,51.5,sharp_visible_transition,,,,Open sealed box top,,/workspace/tr1/results/hal/batch2_media/media/recording_000282_missed_signal_present_not_top_t493.0.mp4,/workspace/tr1/results/hal/batch2_media/media/recording_000282_missed_signal_present_not_top_t493.0_contact_sheet.png,/workspace/tr1/results/hal/batch2_media/media/recording_000282_missed_signal_present_not_top_t493.0_score_plot.png
5,remainder,recording_000080_early_t113.0,recording_000080,112.5,positive,0.00052,56.5,sharp_visible_transition,,,,Wipe table and dispose of used tissue,,/workspace/tr1/results/boundary/error_audit/media/recording_000080_early_t113.0.mp4,/workspace/tr1/results/boundary/error_audit/media/recording_000080_early_t113.0_contact_sheet.png,/workspace/tr1/results/boundary/error_audit/media/recording_000080_early_t113.0_score_plot.png
5,remainder,recording_000110_false_near_edge_t504.0,recording_000110,504.0,positive,0.000528,325.5,sharp_visible_transition,,,,,Hand rinsing under faucet,/workspace/tr1/results/boundary/error_audit/media/recording_000110_false_near_edge_t504.0.mp4,/workspace/tr1/results/boundary/error_audit/media/recording_000110_false_near_edge_t504.0_contact_sheet.png,/workspace/tr1/results/boundary/error_audit/media/recording_000110_false_near_edge_t504.0_score_plot.png
5,remainder,recording_000250_missed_signal_present_not_top_t218.3,recording_000250,218.3,positive,0.000537,54.2,sharp_visible_transition,,,Inserting item into cardboard box and closing flaps,,,/workspace/tr1/results/hal/batch2_media/media/recording_000250_missed_signal_present_not_top_t218.3.mp4,/workspace/tr1/results/hal/batch2_media/media/recording_000250_missed_signal_present_not_top_t218.3_contact_sheet.png,/workspace/tr1/results/hal/batch2_media/media/recording_000250_missed_signal_present_not_top_t218.3_score_plot.png
5,remainder,recording_000265_false_mid_segment_t315.0,recording_000265,315.0,positive,0.000593,16.5,sharp_visible_transition,,,,,Close and reseal box top with tape,/workspace/tr1/results/hal/batch2_media/media/recording_000265_false_mid_segment_t315.0.mp4,/workspace/tr1/results/hal/batch2_media/media/recording_000265_false_mid_segment_t315.0_contact_sheet.png,/workspace/tr1/results/hal/batch2_media/media/recording_000265_false_mid_segment_t315.0_score_plot.png
5,remainder,recording_000181_exact_t93.5,recording_000181,93.5,positive,0.000602,19.5,sharp_visible_transition,,,Rinse and reseat sink drain strainer,Rinse and reseat sink drain strainer,,/workspace/tr1/results/boundary/error_audit/media/recording_000181_exact_t93.5.mp4,/workspace/tr1/results/boundary/error_audit/media/recording_000181_exact_t93.5_contact_sheet.png,/workspace/tr1/results/boundary/error_audit/media/recording_000181_exact_t93.5_score_plot.png
5,remainder,recording_000250_exact_t629.5,recording_000250,629.5,positive,0.000607,15.5,sharp_visible_transition,,,Place keychain into box,Seal box top with tape,,/workspace/tr1/results/hal/batch2_media/media/recording_000250_exact_t629.5.mp4,/workspace/tr1/results/hal/batch2_media/media/recording_000250_exact_t629.5_contact_sheet.png,/workspace/tr1/results/hal/batch2_media/media/recording_000250_exact_t629.5_score_plot.png
5,remainder,recording_000022_missed_signal_present_not_top_t366.5,recording_000022,366.5,positive,0.000618,100.3,gradual_phase_transition,,,Initiate additional mug rinse,Scrub mug interior,,/workspace/tr1/results/boundary/error_audit/media/recording_000022_missed_signal_present_not_top_t366.5.mp4,/workspace/tr1/results/boundary/error_audit/media/recording_000022_missed_signal_present_not_top_t366.5_contact_sheet.png,/workspace/tr1/results/boundary/error_audit/media/recording_000022_missed_signal_present_not_top_t366.5_score_plot.png
5,remainder,recording_000465_early_t599.0,recording_000465,598.5,positive,0.000625,109.5,sharp_visible_transition,,,Recoil charging cable,Store recoil charging cable in drawer,,/workspace/tr1/results/hal/batch2_media/media/recording_000465_early_t599.0.mp4,/workspace/tr1/results/hal/batch2_media/media/recording_000465_early_t599.0_contact_sheet.png,/workspace/tr1/results/hal/batch2_media/media/recording_000465_early_t599.0_score_plot.png
5,remainder,recording_000419_false_near_edge_t309.5,recording_000419,309.5,positive,0.000638,23.0,sharp_visible_transition,,"previous action ends, hand reaches for and picks up the wrap roll; interaction target changes",,,Wrap bowl with plastic wrap,/workspace/tr1/results/hal/batch2_media/media/recording_000419_false_near_edge_t309.5.mp4,/workspace/tr1/results/hal/batch2_media/media/recording_000419_false_near_edge_t309.5_contact_sheet.png,/workspace/tr1/results/hal/batch2_media/media/recording_000419_false_near_edge_t309.5_score_plot.png
5,remainder,recording_000242_late_t143.5,recording_000242,144.0,positive,0.000639,12.5,sharp_visible_transition,,,Briefly open and close box flaps,Place cardboard box into plastic bag,,/workspace/tr1/results/hal/batch2_media/media/recording_000242_late_t143.5.mp4,/workspace/tr1/results/hal/batch2_media/media/recording_000242_late_t143.5_contact_sheet.png,/workspace/tr1/results/hal/batch2_media/media/recording_000242_late_t143.5_score_plot.png
5,remainder,recording_000230_missed_signal_present_not_top_t190.0,recording_000230,190.0,positive,0.000666,63.0,sharp_visible_transition,,,Remove cardboard box from black plastic bag,Seal empty cardboard box with transparent tape,,/workspace/tr1/results/hal/batch2_media/media/recording_000230_missed_signal_present_not_top_t190.0.mp4,/workspace/tr1/results/hal/batch2_media/media/recording_000230_missed_signal_present_not_top_t190.0_contact_sheet.png,/workspace/tr1/results/hal/batch2_media/media/recording_000230_missed_signal_present_not_top_t190.0_score_plot.png
5,remainder,recording_000105_missed_signal_present_not_top_t582.0,recording_000105,582.0,positive,0.000729,76.5,sharp_visible_transition,,,8th tissue fold and press,9th tissue fold and press,,/workspace/tr1/results/boundary/error_audit/media/recording_000105_missed_signal_present_not_top_t582.0.mp4,/workspace/tr1/results/boundary/error_audit/media/recording_000105_missed_signal_present_not_top_t582.0_contact_sheet.png,/workspace/tr1/results/boundary/error_audit/media/recording_000105_missed_signal_present_not_top_t582.0_score_plot.png
5,remainder,recording_000465_early_t100.9,recording_000465,100.5,positive,0.000739,34.4,sharp_visible_transition,,,,Retrieve cable from drawer,,/workspace/tr1/results/hal/batch2_media/media/recording_000465_early_t100.9.mp4,/workspace/tr1/results/hal/batch2_media/media/recording_000465_early_t100.9_contact_sheet.png,/workspace/tr1/results/hal/batch2_media/media/recording_000465_early_t100.9_score_plot.png
5,remainder,recording_000236_false_mid_segment_t449.5,recording_000236,449.5,positive,0.000748,63.5,sharp_visible_transition,,,,,Unpack USB drive from cardboard box,/workspace/tr1/results/hal/batch2_media/media/recording_000236_false_mid_segment_t449.5.mp4,/workspace/tr1/results/hal/batch2_media/media/recording_000236_false_mid_segment_t449.5_contact_sheet.png,/workspace/tr1/results/hal/batch2_media/media/recording_000236_false_mid_segment_t449.5_score_plot.png
5,remainder,recording_000465_missed_signal_present_not_top_t66.1,recording_000465,66.1,positive,0.00075,34.4,sharp_visible_transition,,,,Retrieve cable from drawer,,/workspace/tr1/results/hal/batch2_media/media/recording_000465_missed_signal_present_not_top_t66.1.mp4,/workspace/tr1/results/hal/batch2_media/media/recording_000465_missed_signal_present_not_top_t66.1_contact_sheet.png,/workspace/tr1/results/hal/batch2_media/media/recording_000465_missed_signal_present_not_top_t66.1_score_plot.png
5,remainder,recording_000272_false_mid_segment_t618.5,recording_000272,618.5,positive,0.00078,41.0,sharp_visible_transition,,,,,Store cardboard box in plastic bag,/workspace/tr1/results/hal/batch2_media/media/recording_000272_false_mid_segment_t618.5.mp4,/workspace/tr1/results/hal/batch2_media/media/recording_000272_false_mid_segment_t618.5_contact_sheet.png,/workspace/tr1/results/hal/batch2_media/media/recording_000272_false_mid_segment_t618.5_score_plot.png
5,remainder,recording_000242_false_near_edge_t29.5,recording_000242,29.5,positive,0.000823,81.5,annotation_convention,,,,,Seal cardboard box with tape (first),/workspace/tr1/results/hal/batch2_media/media/recording_000242_false_near_edge_t29.5.mp4,/workspace/tr1/results/hal/batch2_media/media/recording_000242_false_near_edge_t29.5_contact_sheet.png,/workspace/tr1/results/hal/batch2_media/media/recording_000242_false_near_edge_t29.5_score_plot.png
5,remainder,recording_000236_false_mid_segment_t386.0,recording_000236,386.0,positive,0.000835,63.5,sharp_visible_transition,,,,,Seal cardboard box with tape,/workspace/tr1/results/hal/batch2_media/media/recording_000236_false_mid_segment_t386.0.mp4,/workspace/tr1/results/hal/batch2_media/media/recording_000236_false_mid_segment_t386.0_contact_sheet.png,/workspace/tr1/results/hal/batch2_media/media/recording_000236_false_mid_segment_t386.0_score_plot.png
5,remainder,recording_000325_exact_t461.8,recording_000325,462.0,positive,0.000862,107.5,sharp_visible_transition,,,,Coat pan with liquid using brush,,/workspace/tr1/results/hal/batch2_media/media/recording_000325_exact_t461.8.mp4,/workspace/tr1/results/hal/batch2_media/media/recording_000325_exact_t461.8_contact_sheet.png,/workspace/tr1/results/hal/batch2_media/media/recording_000325_exact_t461.8_score_plot.png
5,remainder,recording_000250_duplicate_t645.0,recording_000250,645.0,positive,0.000877,15.5,sharp_visible_transition,,,,,Unseal box top,/workspace/tr1/results/hal/batch2_media/media/recording_000250_duplicate_t645.0.mp4,/workspace/tr1/results/hal/batch2_media/media/recording_000250_duplicate_t645.0_contact_sheet.png,/workspace/tr1/results/hal/batch2_media/media/recording_000250_duplicate_t645.0_score_plot.png
5,remainder,recording_000230_missed_signal_present_not_top_t253.0,recording_000230,253.0,positive,0.000904,63.0,sharp_visible_transition,,,Store box in black plastic bag,,,/workspace/tr1/results/hal/batch2_media/media/recording_000230_missed_signal_present_not_top_t253.0.mp4,/workspace/tr1/results/hal/batch2_media/media/recording_000230_missed_signal_present_not_top_t253.0_contact_sheet.png,/workspace/tr1/results/hal/batch2_media/media/recording_000230_missed_signal_present_not_top_t253.0_score_plot.png
5,remainder,recording_000320_false_near_edge_t41.5,recording_000320,41.5,positive,0.000909,419.5,sharp_visible_transition,,,,,Add liquid from third bottle to pan,/workspace/tr1/results/hal/batch2_media/media/recording_000320_false_near_edge_t41.5.mp4,/workspace/tr1/results/hal/batch2_media/media/recording_000320_false_near_edge_t41.5_contact_sheet.png,/workspace/tr1/results/hal/batch2_media/media/recording_000320_false_near_edge_t41.5_score_plot.png
5,remainder,recording_000230_false_mid_segment_t404.5,recording_000230,404.5,positive,0.000931,7.5,sharp_visible_transition,,,,,Retrieve and reassemble cardboard box,/workspace/tr1/results/hal/batch2_media/media/recording_000230_false_mid_segment_t404.5.mp4,/workspace/tr1/results/hal/batch2_media/media/recording_000230_false_mid_segment_t404.5_contact_sheet.png,/workspace/tr1/results/hal/batch2_media/media/recording_000230_false_mid_segment_t404.5_score_plot.png
5,remainder,recording_000385_late_t84.5,recording_000385,85.0,positive,0.001005,124.0,sharp_visible_transition,,,,Cover bowl with new plastic wrap,,/workspace/tr1/results/hal/batch2_media/media/recording_000385_late_t84.5.mp4,/workspace/tr1/results/hal/batch2_media/media/recording_000385_late_t84.5_contact_sheet.png,/workspace/tr1/results/hal/batch2_media/media/recording_000385_late_t84.5_score_plot.png
5,remainder,recording_000265_missed_signal_present_not_top_t298.5,recording_000265,298.5,positive,0.001036,16.5,sharp_visible_transition,,,Open reassembled cardboard box,Begin sealing cardboard box,,/workspace/tr1/results/hal/batch2_media/media/recording_000265_missed_signal_present_not_top_t298.5.mp4,/workspace/tr1/results/hal/batch2_media/media/recording_000265_missed_signal_present_not_top_t298.5_contact_sheet.png,/workspace/tr1/results/hal/batch2_media/media/recording_000265_missed_signal_present_not_top_t298.5_score_plot.png
5,remainder,recording_000242_false_mid_segment_t111.0,recording_000242,111.0,positive,0.001118,33.0,sharp_visible_transition,,,,,Recheck box contents and reseal the top end,/workspace/tr1/results/hal/batch2_media/media/recording_000242_false_mid_segment_t111.0.mp4,/workspace/tr1/results/hal/batch2_media/media/recording_000242_false_mid_segment_t111.0_contact_sheet.png,/workspace/tr1/results/hal/batch2_media/media/recording_000242_false_mid_segment_t111.0_score_plot.png
5,remainder,recording_000422_false_near_edge_t458.0,recording_000422,458.0,positive,0.001139,77.0,sharp_visible_transition,,,,,Unroll and prepare new plastic wrap from the roll,/workspace/tr1/results/hal/batch2_media/media/recording_000422_false_near_edge_t458.0.mp4,/workspace/tr1/results/hal/batch2_media/media/recording_000422_false_near_edge_t458.0_contact_sheet.png,/workspace/tr1/results/hal/batch2_media/media/recording_000422_false_near_edge_t458.0_score_plot.png
5,remainder,recording_000224_missed_signal_present_not_top_t479.0,recording_000224,479.0,positive,0.001177,81.0,sharp_visible_transition,,,Unpack USB and flatten box,Place flat box into bag,,/workspace/tr1/results/hal/batch2_media/media/recording_000224_missed_signal_present_not_top_t479.0.mp4,/workspace/tr1/results/hal/batch2_media/media/recording_000224_missed_signal_present_not_top_t479.0_contact_sheet.png,/workspace/tr1/results/hal/batch2_media/media/recording_000224_missed_signal_present_not_top_t479.0_score_plot.png
5,remainder,recording_000224_missed_signal_present_not_top_t612.0,recording_000224,612.0,positive,0.001214,3.5,sharp_visible_transition,,,Assemble cardboard box,Seal box bottom with tape,,/workspace/tr1/results/hal/batch2_media/media/recording_000224_missed_signal_present_not_top_t612.0.mp4,/workspace/tr1/results/hal/batch2_media/media/recording_000224_missed_signal_present_not_top_t612.0_contact_sheet.png,/workspace/tr1/results/hal/batch2_media/media/recording_000224_missed_signal_present_not_top_t612.0_score_plot.png
5,remainder,recording_000325_false_mid_segment_t569.5,recording_000325,569.5,positive,0.001282,25.5,sharp_visible_transition,,,,,Apply liquid layer to pan interior,/workspace/tr1/results/hal/batch2_media/media/recording_000325_false_mid_segment_t569.5.mp4,/workspace/tr1/results/hal/batch2_media/media/recording_000325_false_mid_segment_t569.5_contact_sheet.png,/workspace/tr1/results/hal/batch2_media/media/recording_000325_false_mid_segment_t569.5_score_plot.png
5,remainder,recording_000134_false_near_edge_t130.0,recording_000134,130.0,positive,0.001284,432.5,sharp_visible_transition,,,,,Fold second tissue sheet into compact rectangle,/workspace/tr1/results/boundary/error_audit/media/recording_000134_false_near_edge_t130.0.mp4,/workspace/tr1/results/boundary/error_audit/media/recording_000134_false_near_edge_t130.0_contact_sheet.png,/workspace/tr1/results/boundary/error_audit/media/recording_000134_false_near_edge_t130.0_score_plot.png
5,remainder,recording_000183_exact_t144.0,recording_000183,144.0,positive,0.001331,211.0,sharp_visible_transition,,,Remove and position strainer,Rinse sink strainer,,/workspace/tr1/results/boundary/error_audit/media/recording_000183_exact_t144.0.mp4,/workspace/tr1/results/boundary/error_audit/media/recording_000183_exact_t144.0_contact_sheet.png,/workspace/tr1/results/boundary/error_audit/media/recording_000183_exact_t144.0_score_plot.png
5,remainder,recording_000022_missed_weak_signal_t466.8,recording_000022,466.8,positive,0.001333,100.3,sharp_visible_transition,,,Rinse mug after scrubbing,Place washed mug on counter,,/workspace/tr1/results/boundary/error_audit/media/recording_000022_missed_weak_signal_t466.8.mp4,/workspace/tr1/results/boundary/error_audit/media/recording_000022_missed_weak_signal_t466.8_contact_sheet.png,/workspace/tr1/results/boundary/error_audit/media/recording_000022_missed_weak_signal_t466.8_score_plot.png
5,remainder,recording_000250_exact_t590.0,recording_000250,590.0,positive,0.001365,39.5,sharp_visible_transition,,,Flatten empty box,Store box in plastic bag,,/workspace/tr1/results/hal/batch2_media/media/recording_000250_exact_t590.0.mp4,/workspace/tr1/results/hal/batch2_media/media/recording_000250_exact_t590.0_contact_sheet.png,/workspace/tr1/results/hal/batch2_media/media/recording_000250_exact_t590.0_score_plot.png
5,remainder,recording_000230_missed_signal_present_not_top_t397.0,recording_000230,397.0,positive,0.00152,7.5,sharp_visible_transition,,,Disassemble and store cardboard box,,,/workspace/tr1/results/hal/batch2_media/media/recording_000230_missed_signal_present_not_top_t397.0.mp4,/workspace/tr1/results/hal/batch2_media/media/recording_000230_missed_signal_present_not_top_t397.0_contact_sheet.png,/workspace/tr1/results/hal/batch2_media/media/recording_000230_missed_signal_present_not_top_t397.0_score_plot.png
5,remainder,recording_000465_false_near_edge_t489.0,recording_000465,489.0,positive,0.002072,109.5,sharp_visible_transition,,,,,Test cable compatibility with phone,/workspace/tr1/results/hal/batch2_media/media/recording_000465_false_near_edge_t489.0.mp4,/workspace/tr1/results/hal/batch2_media/media/recording_000465_false_near_edge_t489.0_contact_sheet.png,/workspace/tr1/results/hal/batch2_media/media/recording_000465_false_near_edge_t489.0_score_plot.png
